source_ko	title_en
임원ㆍ주요주주특정증권등소유상황보고서	Report on Ownership of Specified Securities by Officers and Major Shareholders
증권발행실적보고서	Securities Issuance Results Report
투자설명서(일괄신고)	Prospectus (Shelf Registration)
일괄신고추가서류(파생결합증권-주가연계증권)	Shelf Registration Supplement (Derivative-Linked Securities — Equity-Linked Securities)
기업설명회(IR)개최(안내공시)	Investor Relations Event Notice
최대주주등소유주식변동신고서	Report on Changes in Shareholdings of the Largest Shareholder and Related Parties
영업(잠정)실적(공정공시)	Preliminary Operating Results (Fair Disclosure)
일괄신고추가서류(파생결합사채-주가연계파생결합사채)	Shelf Registration Supplement (Derivative-Linked Bonds — Equity-Linked Bonds)
주식등의대량보유상황보고서(약식)	Large Shareholding Report (Short Form)
연결재무제표기준영업(잠정)실적(공정공시)	Preliminary Operating Results on a Consolidated Basis (Fair Disclosure)
주식등의대량보유상황보고서(일반)	Large Shareholding Report (General Form)
기타주요경영사항	Other Material Management Matters
일괄신고추가서류(기타파생결합증권)	Shelf Registration Supplement (Other Derivative-Linked Securities)
증권발행실적보고서[파생결합증권(주가연계증권)]	Securities Issuance Results Report [Derivative-Linked Securities (Equity-Linked Securities)]
독립이사의선임ㆍ해임또는중도퇴임에관한신고	Report on the Appointment, Dismissal, or Early Resignation of an Independent Director
일괄신고추가서류[파생결합증권(주가연계증권)의경우]	Shelf Registration Supplement [Derivative-Linked Securities (Equity-Linked Securities)]
단일판매ㆍ공급계약체결	Single Sales or Supply Contract
대규모기업집단현황공시[분기별공시(개별회사용)]	Large Business Group Status Disclosure [Quarterly Disclosure (Individual Company)]
주주총회소집공고	Notice of General Meeting of Shareholders
특수관계인과의수익증권거래	Beneficiary Certificate Transaction with a Related Party
투자설명서[파생결합증권(주가연계증권)]	Prospectus [Derivative-Linked Securities (Equity-Linked Securities)]
정기주주총회결과	Results of the Annual General Meeting of Shareholders
주주총회소집결의	Resolution to Convene a General Meeting of Shareholders
최대주주등에대한부동산임대	Real Estate Lease to the Largest Shareholder or Related Parties
동일인등출자계열회사와의상품ㆍ용역거래변경	Change in Goods or Services Transactions with an Affiliate Funded by the Same Controlling Person or Related Parties
감사보고서제출	Submission of Audit Report
결산실적공시예고(안내공시)	Advance Notice of Financial Results Disclosure
의결권대리행사권유참고서류	Reference Materials for Proxy Solicitation
기타경영사항(자율공시)	Other Management Matters (Voluntary Disclosure)
증권신고서(채무증권)	Securities Registration Statement (Debt Securities)
현금ㆍ현물배당결정	Cash or In-Kind Dividend Decision
사업보고서	Annual Report
반기보고서	Semiannual Report
분기보고서	Quarterly Report
감사보고서	Audit Report
간이투자설명서	Simplified Prospectus
예비투자설명서	Preliminary Prospectus
증권신고서	Securities Registration Statement
일괄신고서	Shelf Registration Statement
일괄신고추가서류	Shelf Registration Supplement
대규모기업집단현황공시	Large Business Group Status Disclosure
동일인등출자계열회사와의상품ㆍ용역거래	Goods or Services Transactions with an Affiliate Funded by the Same Controlling Person or Related Parties
특수관계인으로부터기타유가증권매수	Purchase of Other Securities from a Related Party
약관에의한금융거래시계열금융회사의거래상대방의공시	Disclosure by the Counterparty to Financial Transactions Under Standard Terms with an Affiliated Financial Company
매출액또는손익구조30%(대규모법인은15%)이상변경	Change of 30% or More in Revenue or Profit/Loss Structure (15% for Large Companies)
조회공시요구	Request for Inquiry Disclosure
조회공시요구(풍문또는보도)에대한답변	Response to Inquiry Disclosure Request Regarding Rumors or Media Reports
타법인주식및출자증권취득결정	Decision to Acquire Shares or Equity Securities of Another Company
특수관계인과의내부거래	Internal Transaction with a Related Party
특수관계인에대한출자	Equity Investment in a Related Party
계열회사변경	Change in Affiliates
최대주주등으로부터부동산임차	Lease of Real Estate from the Largest Shareholder or Related Parties
타인에대한채무보증결정	Decision to Guarantee Debt for Another Party
기업지배구조보고서공시	Corporate Governance Report Disclosure
장래사업ㆍ경영계획	Future Business and Management Plans
수시공시의무관련사항	Matters Related to Ad Hoc Disclosure Obligations
일반투자자-주식등의대량보유(변동)보고서	Large Shareholding and Change Report — General Investor
풍문또는보도에대한해명	Clarification Regarding Rumors or Media Reports
대표이사(대표집행임원)변경	Change of Chief Executive Officer or Representative Executive Officer
공정거래자율준수프로그램운영현황	Status of Fair Trade Compliance Program Operations
영업실적등에대한전망	Forecast of Operating Results and Other Matters
자기주식처분결과보고서	Treasury Share Disposal Results Report
최대주주등에대한출자	Equity Investment in the Largest Shareholder or Related Parties
주요사항보고서	Material Event Report
신규시설투자등	Investment in New Facilities and Other Assets
기업설명회(IR)개최	Investor Relations Event
지속가능경영보고서등관련사항	Matters Related to Sustainability Reports
지급수단별ㆍ지급기간별지급금액및분쟁조정기구에관한사항	Payments by Payment Method and Payment Period and Matters Concerning Dispute Resolution Bodies
최대주주등을위한채무보증	Debt Guarantee for the Largest Shareholder or Related Parties
특수관계인과의보험거래	Insurance Transaction with a Related Party
주식매수선택권부여에관한신고	Report on Grant of Stock Options
사외이사선임결의	Resolution to Appoint an Outside Director
현금ㆍ현물배당을위한주주명부폐쇄(기준일)결정	Decision on Record Date for Cash or In-Kind Dividends
타법인주식및출자증권처분결정	Decision to Dispose of Shares or Equity Securities of Another Company
주주총회개최결의	Resolution to Hold a General Meeting of Shareholders
주주명부폐쇄기간또는기준일설정	Establishment of Shareholder Register Closure Period or Record Date
투자판단관련주요경영사항	Material Management Matter Relevant to Investment Decisions
임시주주총회결과	Results of an Extraordinary General Meeting of Shareholders
계열금융회사를거래상대방으로한단기금융상품거래의분기별공시	Quarterly Disclosure of Short-Term Financial Product Transactions with an Affiliated Financial Company
자기주식취득결과보고서	Treasury Share Acquisition Results Report
계열금융회사의약관에의한금융거래-	Financial Transactions Under Standard Terms with an Affiliated Financial Company —
감사위원회위원선임	Appointment of an Audit Committee Member
채무보증	Debt Guarantee
유상증자결정	Decision on Capital Increase with Consideration
해외직접투자	Direct Investment Overseas
특수관계인에대한부동산임대	Real Estate Lease to a Related Party
공정공시의무(종합)관련사항	Matters Related to Fair Disclosure Obligations (Comprehensive)
신탁계약등체결신고서	Report on Execution of a Trust Agreement
특수관계인에대한증여	Donation to a Related Party
파생상품미결제약정잔액발생및변동	Occurrence and Change in Outstanding Derivative Contract Balances
신탁계약해지결과보고서	Trust Agreement Termination Results Report
사외이사중도퇴임	Early Resignation of an Outside Director
주식소각결정	Decision to Cancel Shares
자기주식취득신탁계약등연장결정	Decision to Extend a Treasury Share Acquisition Trust Agreement
생산중단	Production Suspension
현금배당결정	Cash Dividend Decision
단기금융상품거래의분기별공시	Quarterly Disclosure of Short-Term Financial Product Transactions
해외증권거래소등에신고한사업보고서등의국내신고	Domestic Filing of Business Reports Filed with an Overseas Securities Exchange
기타안내사항	Other Notice
특수관계인과의기타유가증권의거래	Transaction in Other Securities with a Related Party
주주총회집중일개최사유신고	Report on Reasons for Holding a General Meeting on a Concentrated Meeting Date
연결재무제표기준영업실적등에대한전망	Forecast of Operating Results on a Consolidated Basis
기관투자자-주식등의대량보유(변동)보고서	Large Shareholding and Change Report — Institutional Investor
특수관계인에대한자금대여	Loan of Funds to a Related Party
자기주식처분결정	Decision to Dispose of Treasury Shares
특수관계인과의CP매도	Sale of Commercial Paper to a Related Party
계열회사의추가	Addition of an Affiliate
유가증권-수익증권	Securities — Beneficiary Certificates
신탁계약에의한취득상황보고서	Report on Acquisition Status Under a Trust Agreement
지주회사의자회사편입	Incorporation as a Subsidiary of a Holding Company
유가증권-채권	Securities — Bonds
주식매수선택권부여취소	Cancellation of Stock Option Grant
특수관계인에대한채권매도	Sale of Bonds to a Related Party
특수관계인으로부터부동산임차	Lease of Real Estate from a Related Party
감사ㆍ감사위원회위원중도퇴임	Early Resignation of an Auditor or Audit Committee Member
전환가액ㆍ신주인수권행사가액ㆍ교환가액의조정	Adjustment of Conversion Price, Warrant Exercise Price, or Exchange Price
단일판매계약체결	Single Sales Contract
최대주주등으로부터유가증권매수	Purchase of Securities from the Largest Shareholder or Related Parties
공정공시	Fair Disclosure
특수관계인으로부터주식의취득	Acquisition of Shares from a Related Party
보험가입	Insurance Enrollment
사업목적변경	Change in Business Purpose
최대주주등과의부동산임대	Real Estate Lease with the Largest Shareholder or Related Parties
최대주주등에대한유가증권매도	Sale of Securities to the Largest Shareholder or Related Parties
특수관계인에대한주식의처분	Disposal of Shares to a Related Party
상각형조건부자본증권발행결정	Decision to Issue Write-Down Contingent Capital Securities
증여결정	Donation Decision
자기주식처분신고서	Treasury Share Disposal Report
선급금지급결정	Decision to Pay an Advance
자기주식취득결정	Decision to Acquire Treasury Shares
단기차입금증가결정	Decision to Increase Short-Term Borrowings
지주회사의자회사탈퇴	Removal from Subsidiaries of a Holding Company
주식예탁증서(DR)원주청구권행사	Exercise of Rights to Claim Underlying Shares for Depositary Receipts
보험	Insurance
소송등의판결ㆍ결정	Judgment or Decision in Litigation
지배회사의주요종속회사편입	Incorporation as a Major Subsidiary of the Parent Company
최근사업연도대비매출액의100분의10이상(대규모법인의경우100분의5이상)증가사실	Revenue Increase of at Least 10% from the Latest Fiscal Year (5% for Large Companies)
기업가치제고계획	Corporate Value Enhancement Plan
매출액또는손익구조30%(대규모법인은15%)이상변동	Change of 30% or More in Revenue or Profit/Loss Structure (15% for Large Companies)
자기주식취득신탁계약등해지결정	Decision to Terminate a Treasury Share Acquisition Trust Agreement
생산재개	Resumption of Production
임원의변동	Change of Officers
유상증자신주발행가액	Issue Price of New Shares in a Capital Increase with Consideration
최대주주등소유주식변동신고서(최대주주변경시)	Report on Changes in Shareholdings of the Largest Shareholder and Related Parties (Upon Change of Largest Shareholder)
최대주주변경	Change of Largest Shareholder
특수관계인과의예ㆍ적금거래	Deposit and Savings Transaction with a Related Party
대표이사변경	Change of Chief Executive Officer
특수관계인과의채권매도	Sale of Bonds to a Related Party
계열회사의제외	Removal of an Affiliate
매매거래정지및정지해제	Trading Suspension and Resumption
추가상장	Additional Listing
특수관계인과의예ㆍ적금	Deposits and Savings with a Related Party
외부감사인선임	Appointment of External Auditor
기타경영사항(특허권취득)	Other Management Matter (Patent Acquisition)
기타공정공시의무관련사항	Other Matters Related to Fair Disclosure Obligations
매출액또는손익30%(대규모법인은15%)이상변경	Change of 30% or More in Revenue or Profit/Loss (15% for Large Companies)
소송등의제기ㆍ신청	Filing or Application of Litigation
유상증자또는주식관련사채등의청약결과	Subscription Results for a Capital Increase or Share-Related Bonds
자기주식취득신고서	Treasury Share Acquisition Report
회사합병결정	Decision on Company Merger
신주인수권행사가액의조정	Adjustment of Warrant Exercise Price
신탁계약등해지신고서	Report on Termination of a Trust Agreement
일반채권의해외발행결정	Decision to Issue Straight Bonds Overseas
감사위원회위원해임	Dismissal of an Audit Committee Member
임상시험단계진입ㆍ종료	Entry into or Completion of a Clinical Trial Phase
특수관계인에대한자산양도	Transfer of Assets to a Related Party
장단기대여	Short- and Long-Term Loans
증권발행실적보고서(합병등)	Securities Issuance Results Report (Merger or Similar Transaction)
자회사의편입또는탈퇴	Incorporation or Removal of a Subsidiary
결산실적공시예고	Advance Notice of Financial Results Disclosure
경영참고사항	Management Reference Information
변경상장	Listing Change
특수관계인으로부터부동산매수	Purchase of Real Estate from a Related Party
특수관계인의유상증자참여	Participation of a Related Party in a Capital Increase with Consideration
해외증권거래소등에신고한주요공시사항의국내신고	Domestic Filing of Material Disclosures Filed with an Overseas Securities Exchange
유상증자또는주식관련사채등의발행결과	Issuance Results for a Capital Increase or Share-Related Bonds
최대주주등과의부동산임차	Lease of Real Estate with the Largest Shareholder or Related Parties
금전대여결정	Decision to Lend Funds
공급계약체결	Supply Contract
주요사항보고서(전환사채권발행결정)	Material Event Report (Decision to Issue Convertible Bonds)
최근사업연도대비경상이익의100분의30이상(대규모법인의경우100분의15이상)증가사실	Ordinary Income Increase of at Least 30% from the Latest Fiscal Year (15% for Large Companies)
최근사업연도대비당기순이익의100분의30이상(대규모법인의경우100분의15이상)증가사실	Net Income Increase of at Least 30% from the Latest Fiscal Year (15% for Large Companies)
단기차입금증가ㆍ감소결정	Decision to Increase or Decrease Short-Term Borrowings
특수관계인에대한담보제공	Provision of Collateral to a Related Party
합병등종료보고서	Completion Report for Merger or Similar Transaction
최대주주등과의물품ㆍ서비스거래	Goods or Services Transactions with the Largest Shareholder or Related Parties
가족친화인증ㆍ유효기간연장ㆍ인증취소	Family-Friendly Certification, Extension of Validity, or Revocation of Certification
감자결정	Decision on Capital Reduction
감자완료	Completion of Capital Reduction
거래처와의거래중단	Suspension of Transactions with a Customer
결합감사보고서	Combined Audit Report
경영정상화계획의이행약정체결	Execution of an Agreement to Implement a Business Normalization Plan
계열사와의거래내역	Details of Transactions with Affiliates
계열사주식보유변동	Change in Shareholdings of Affiliates
고정자산처분결정	Decision to Dispose of Fixed Assets
고정자산취득결정	Decision to Acquire Fixed Assets
공개매수결과	Tender Offer Results
공개매수결과보고서	Tender Offer Results Report
공개매수결의또는피공개매수	Resolution on a Tender Offer or Being Subject to a Tender Offer
공개매수설명서	Tender Offer Prospectus
공개매수신고서	Tender Offer Statement
공개매수에관한의견표명서	Statement of Opinion on a Tender Offer
공급계약해지	Termination of a Supply Contract
관계회사회사정리절차개시결정	Decision to Commence Corporate Reorganization Proceedings for an Affiliated Company
관계회사회사정리절차개시신청	Application to Commence Corporate Reorganization Proceedings for an Affiliated Company
관리종목지정	Designation as an Administrative Issue
관리종목지정사유일부해제	Partial Removal of Grounds for Administrative Issue Designation
관리종목지정사유추가	Addition of Grounds for Administrative Issue Designation
관리종목지정사유추가및일부해제	Addition and Partial Removal of Grounds for Administrative Issue Designation
관리종목해제	Removal from Administrative Issue Designation
교환가액의조정	Adjustment of Exchange Price
교환사채(해외교환사채포함)발행후만기전사채취득	Acquisition Before Maturity of Exchangeable Bonds After Issuance, Including Overseas Exchangeable Bonds
교환사채발행결정	Decision to Issue Exchangeable Bonds
교환청구권행사	Exercise of Exchange Rights
국내정기공시내용과해외정기공시내용의주요차이점	Material Differences Between Domestic and Overseas Periodic Disclosures
권리락	Ex-Rights
권리락 (무상증자)	Ex-Rights (Bonus Issue)
권리락(무상증자)	Ex-Rights (Bonus Issue)
권리락(유상증자)	Ex-Rights (Capital Increase with Consideration)
금전대여결정((DMHI의 대여금 대여기간 연장)	Decision to Lend Funds (Extension of the Loan Period for DMHI)
금전대여결정(SBM Shipyard Ltd.)	Decision to Lend Funds (SBM Shipyard Ltd.)
금전대여결정(SBM Shipyard Ltd.의 주주 대여금 상환 연장)	Decision to Lend Funds (Extension of Repayment of Shareholder Loan to SBM Shipyard Ltd.)
금전대여결정(자회사의 주요경영사항)(기재정정)	Decision to Lend Funds (Material Management Matter of a Subsidiary) (Amended)
기술도입ㆍ이전ㆍ제휴계약체결	Execution of a Technology Introduction, Transfer, or Partnership Agreement
기술도입ㆍ이전계약체결	Execution of a Technology Introduction or Transfer Agreement
기술도입계약체결	Execution of a Technology Introduction Agreement
기술이전계약체결	Execution of a Technology Transfer Agreement
기술제휴계약체결	Execution of a Technology Partnership Agreement
기업가치제고계획예고	Advance Notice of a Corporate Value Enhancement Plan
기업지배구조보고서공시(연차보고서)	Corporate Governance Report Disclosure (Annual Report)
기타-예적금	Other — Deposits and Savings
기타경영사항	Other Management Matters
기업가치제고계획(자율공시) ((2025년 이행현황))	Corporate Value Enhancement Plan (Voluntary Disclosure) (2025 Implementation Status)
기업가치제고계획(자율공시) ((2025년))	Corporate Value Enhancement Plan (Voluntary Disclosure) (2025)
기업가치제고계획(자율공시) ((이행현황))	Corporate Value Enhancement Plan (Voluntary Disclosure) (Implementation Status)
기업가치제고계획(자율공시) (2024년 2분기 ㈜메리츠금융지주 기업가치 제고 계획 이행현황)	Corporate Value Enhancement Plan (Voluntary Disclosure) (Meritz Financial Group 2024 Q2 Implementation Status)
기업가치제고계획(자율공시) (2024년 2차)	Corporate Value Enhancement Plan (Voluntary Disclosure) (Second Disclosure of 2024)
기업가치제고계획(자율공시) (2024년 3분기 이행현황)	Corporate Value Enhancement Plan (Voluntary Disclosure) (2024 Q3 Implementation Status)
기업가치제고계획(자율공시) (2024년 이행현황)	Corporate Value Enhancement Plan (Voluntary Disclosure) (2024 Implementation Status)
기업가치제고계획(자율공시) (2025 한국투자금융지주(주) 기업가치 제고 계획)	Corporate Value Enhancement Plan (Voluntary Disclosure) (2025 Korea Investment Holdings Plan)
기업가치제고계획(자율공시) (2025년 2분기 이행현황)	Corporate Value Enhancement Plan (Voluntary Disclosure) (2025 Q2 Implementation Status)
기업가치제고계획(자율공시) (2025년 계획 및 1분기 이행현황)	Corporate Value Enhancement Plan (Voluntary Disclosure) (2025 Plan and Q1 Implementation Status)
기업가치제고계획(자율공시) (2025년 이행현황)	Corporate Value Enhancement Plan (Voluntary Disclosure) (2025 Implementation Status)
기업가치제고계획(자율공시) (2025년 재공시)	Corporate Value Enhancement Plan (Voluntary Disclosure) (2025 Revised Disclosure)
기업가치제고계획(자율공시) (2025년)	Corporate Value Enhancement Plan (Voluntary Disclosure) (2025)
기업가치제고계획(자율공시) (2026년 1분기 이행현황)	Corporate Value Enhancement Plan (Voluntary Disclosure) (2026 Q1 Implementation Status)
기업가치제고계획(자율공시) (2026년 2분기 이행현황)	Corporate Value Enhancement Plan (Voluntary Disclosure) (2026 Q2 Implementation Status)
기업가치제고계획(자율공시) (2026년)	Corporate Value Enhancement Plan (Voluntary Disclosure) (2026)
기업가치제고계획(자율공시) (고배당기업 표시를 위한 재공시)	Corporate Value Enhancement Plan (Voluntary Disclosure) (Revised Disclosure for High-Dividend Company Designation)
기업가치제고계획(자율공시) (이행현황)	Corporate Value Enhancement Plan (Voluntary Disclosure) (Implementation Status)
기업가치제고계획(자율공시) (중기 주주환원 정책)	Corporate Value Enhancement Plan (Voluntary Disclosure) (Medium-Term Shareholder Return Policy)
기타경영사항(자율공시) ((배당기준일 변경 안내))	Other Management Matters (Voluntary Disclosure) (Notice of Change in Dividend Record Date)
기타경영사항(자율공시) (2025년 연간 경영실적 발표 일정)	Other Management Matters (Voluntary Disclosure) (2025 Annual Financial Results Announcement Schedule)
기타경영사항(자율공시) (2026년 연간 경영실적 발표 일정)	Other Management Matters (Voluntary Disclosure) (2026 Annual Financial Results Announcement Schedule)
기타경영사항(자율공시) (ESG위원회 결과 보고)	Other Management Matters (Voluntary Disclosure) (ESG Committee Results Report)
기타경영사항(자율공시) (HLB 간암 1차 치료제(리보세라닙,캄렐리주맙 병용요법) FDA에 재승인 서류 제출)	Other Management Matters (Voluntary Disclosure) (HLB Resubmits FDA Approval Application for First-Line Liver Cancer Therapy Using Rivoceranib and Camrelizumab)
기타경영사항(자율공시) (HLB 간암 1차 치료제(리보세라닙,캄렐리주맙 병용요법)FDA로부터 보완요구서한(CRL,Complete Response Letter)수령)	Other Management Matters (Voluntary Disclosure) (HLB Receives FDA Complete Response Letter for First-Line Liver Cancer Therapy Using Rivoceranib and Camrelizumab)
기타경영사항(자율공시) (결산배당 기준일 안내)	Other Management Matters (Voluntary Disclosure) (Year-End Dividend Record Date Notice)
기타경영사항(자율공시) (기업지배구조 개선을 위한 이사회 內 위원회 신설)	Other Management Matters (Voluntary Disclosure) (Establishment of a Board Committee to Improve Corporate Governance)
기타경영사항(자율공시) (기업지배구조헌장 개정의 건)	Other Management Matters (Voluntary Disclosure) (Amendment of the Corporate Governance Charter)
기타경영사항(자율공시) (배당기준일 관련 안내)	Other Management Matters (Voluntary Disclosure) (Dividend Record Date Notice)
기타경영사항(자율공시) (배당기준일 변경 안내)	Other Management Matters (Voluntary Disclosure) (Notice of Change in Dividend Record Date)
기타경영사항(자율공시) (배당기준일 안내)	Other Management Matters (Voluntary Disclosure) (Dividend Record Date Notice)
기타경영사항(자율공시) (분기 배당기준일 안내)	Other Management Matters (Voluntary Disclosure) (Quarterly Dividend Record Date Notice)
기타경영사항(자율공시) (분기배당기준일 변경 안내)	Other Management Matters (Voluntary Disclosure) (Notice of Change in Quarterly Dividend Record Date)
기타경영사항(자율공시) (분기배당기준일 안내)	Other Management Matters (Voluntary Disclosure) (Quarterly Dividend Record Date Notice)
기타경영사항(자율공시) (정관변경에 따른 배당기준일 안내)	Other Management Matters (Voluntary Disclosure) (Dividend Record Date Notice Following Amendment of the Articles of Incorporation)
기타경영사항(자율공시) (중간배당 배당기준일 변경 안내)	Other Management Matters (Voluntary Disclosure) (Notice of Change in Interim Dividend Record Date)
기타경영사항(자율공시) (회사합병결정 철회에 관한 사항)	Other Management Matters (Voluntary Disclosure) (Withdrawal of the Company Merger Decision)
기타경영사항(자율공시)('23년 제2차 ESG위원회 개최 결과)	Other Management Matters (Voluntary Disclosure) (Results of the Second ESG Committee Meeting in 2023)
기타경영사항(자율공시)((단일판매·공급계약 체결 건의 진행사항 공시))	Other Management Matters (Voluntary Disclosure) (Update on a Single Sales or Supply Contract)
기타경영사항(자율공시)(2011 사업연도 1분기보고서 제출 일정)	Other Management Matters (Voluntary Disclosure) (Schedule for Filing the 2011 First-Quarter Report)
기타경영사항(자율공시)(ALT-P1(재조합 지속형인간성장호르몬) 1/2상 임상시험 계획 승인)	Other Management Matters (Voluntary Disclosure) (Approval of the Phase 1/2 Clinical Trial Plan for ALT-P1, a Recombinant Long-Acting Human Growth Hormone)
기타경영사항(자율공시)(ESG위원회 개최 결과)	Other Management Matters (Voluntary Disclosure) (ESG Committee Meeting Results)
기타경영사항(자율공시)(ESG위원회 결과 보고)	Other Management Matters (Voluntary Disclosure) (ESG Committee Results Report)
기타경영사항(자율공시)(Fadhili Combined Heat and Power Project 사전착수지시서 접수)	Other Management Matters (Voluntary Disclosure) (Receipt of a Limited Notice to Proceed for the Fadhili Combined Heat and Power Project)
기타경영사항(자율공시)(NHN게임스㈜의 전환사채 인수 결정)	Other Management Matters (Voluntary Disclosure) (Decision to Acquire Convertible Bonds Issued by NHN Games)
기타경영사항(자율공시)(STX프랑스 지분 인수 추진 보도관련 재공시)	Other Management Matters (Voluntary Disclosure) (Follow-Up Disclosure Regarding Reports of a Proposed Acquisition of an Equity Interest in STX France)
기타경영사항(자율공시)(STX프랑스(크루즈 전문 조선소) 지분 인수 추진 보도관련 공시)	Other Management Matters (Voluntary Disclosure) (Disclosure Regarding Reports of a Proposed Acquisition of an Equity Interest in STX France, a Cruise Shipyard)
기타경영사항(자율공시)(감사보고서 제출 지연)	Other Management Matters (Voluntary Disclosure) (Delay in Submission of the Audit Report)
기타경영사항(자율공시)(감사보고서 제출 지연에 대한 추가안내)	Other Management Matters (Voluntary Disclosure) (Additional Notice Regarding Delay in Submission of the Audit Report)
기타경영사항(자율공시)(경영정상화 계획 및 경쟁력 제고방안 이행 약정서 체결)	Other Management Matters (Voluntary Disclosure) (Execution of an Agreement to Implement a Business Normalization and Competitiveness Enhancement Plan)
기타경영사항(자율공시)(경영정상화를 위한 개선계획)	Other Management Matters (Voluntary Disclosure) (Improvement Plan for Business Normalization)
기타경영사항(자율공시)(경쟁력 제고방안 이행 약정서 체결)	Other Management Matters (Voluntary Disclosure) (Execution of an Agreement to Implement a Competitiveness Enhancement Plan)
기타경영사항(자율공시)(고성 하이화력발전소 1,2호기 기자재 사전착수지시서 접수)	Other Management Matters (Voluntary Disclosure) (Receipt of a Limited Notice to Proceed for Equipment for Units 1 and 2 of the Goseong Hai Thermal Power Plant)
기타경영사항(자율공시)(고성 하이화력발전소 1,2호기 기자재 착수지시서 접수)	Other Management Matters (Voluntary Disclosure) (Receipt of a Notice to Proceed for Equipment for Units 1 and 2 of the Goseong Hai Thermal Power Plant)
기타경영사항(자율공시)(관급공사 입찰참가 자격제한 관련)	Other Management Matters (Voluntary Disclosure) (Restriction on Eligibility to Bid for Public-Sector Construction Projects)
기타경영사항(자율공시)(관급공사 입찰참가자격제한 관련)	Other Management Matters (Voluntary Disclosure) (Restriction on Eligibility to Bid for Public-Sector Construction Projects)
기타경영사항(자율공시)(구명정 등 납품계약 진행사항)	Other Management Matters (Voluntary Disclosure) (Progress of Supply Contract for Lifeboats and Related Equipment)
기타경영사항(자율공시)(근접방어무기체계(CIWS)-II 체계개발사업 우선협상대상업체 선정)	Other Management Matters (Voluntary Disclosure) (Selection as Preferred Bidder for the Close-In Weapon System II Development Project)
기타경영사항(자율공시)(기업지배구조 개선을 위한 이사회 內 위원회 신설)	Other Management Matters (Voluntary Disclosure) (Establishment of a Board Committee to Improve Corporate Governance)
기타경영사항(자율공시)(기업지배구조헌장 제정)	Other Management Matters (Voluntary Disclosure) (Adoption of a Corporate Governance Charter)
기타경영사항(자율공시)(기업지배구조헌장 제정의 건)	Other Management Matters (Voluntary Disclosure) (Adoption of a Corporate Governance Charter)
기타경영사항(자율공시)(기타주요경영사항(자율공시) (단일판매·공급계약 체결 건의 진행사항 공시) )	Other Management Matters (Voluntary Disclosure) (Update on a Single Sales or Supply Contract)
기타경영사항(자율공시)(남아공 Thabametsi 석탄화력발전소 건설공사 가계약 체결)	Other Management Matters (Voluntary Disclosure) (Execution of a Preliminary Contract for Construction of the Thabametsi Coal-Fired Power Plant in South Africa)
기타경영사항(자율공시)(단일판매 공급계약 진행 사항 공시)	Other Management Matters (Voluntary Disclosure) (Update on a Single Sales or Supply Contract)
기타경영사항(자율공시)(단일판매 공급계약 진행사항 공시)	Other Management Matters (Voluntary Disclosure) (Update on a Single Sales or Supply Contract)
기타경영사항(자율공시)(단일판매 공급계약 진행사항)	Other Management Matters (Voluntary Disclosure) (Update on a Single Sales or Supply Contract)
기타경영사항(자율공시)(단일판매 공급계약 체결 진행사항 안내)	Other Management Matters (Voluntary Disclosure) (Notice of Progress on a Single Sales or Supply Contract)
기타경영사항(자율공시)(단일판매 공급계약 체결 진행사항)	Other Management Matters (Voluntary Disclosure) (Progress on a Single Sales or Supply Contract)
기타경영사항(자율공시)(단일판매 공급계약에 대한 진행사항)	Other Management Matters (Voluntary Disclosure) (Progress on a Single Sales or Supply Contract)
기타경영사항(자율공시)(단일판매, 공급계약 진행사항)	Other Management Matters (Voluntary Disclosure) (Progress on a Single Sales or Supply Contract)
기타경영사항(자율공시)(단일판매.공급계약 진행사항 공시)	Other Management Matters (Voluntary Disclosure) (Update on a Single Sales or Supply Contract)
기타경영사항(자율공시)(단일판매.공급계약 진행사항)	Other Management Matters (Voluntary Disclosure) (Progress on a Single Sales or Supply Contract)
기타경영사항(자율공시)(단일판매.공급계약 진행상황)	Other Management Matters (Voluntary Disclosure) (Progress on a Single Sales or Supply Contract)
기타경영사항(자율공시)(단일판매·공급계약 체결 건의 진행사항 공시)	Other Management Matters (Voluntary Disclosure) (Update on a Single Sales or Supply Contract)
기타경영사항(자율공시)(단일판매·공급계약 체결(자율공시) 건의 진행사항 공시) )	Other Management Matters (Voluntary Disclosure) (Update on a Single Sales or Supply Contract)
기타경영사항(자율공시)(단일판매·공급계약 체결[자율공시] 건의 진행사항 공시 )	Other Management Matters (Voluntary Disclosure) (Update on a Single Sales or Supply Contract)
기타경영사항(자율공시)(단일판매·공급계약 체결[자율공시] 건의 진행사항 공시)	Other Management Matters (Voluntary Disclosure) (Update on a Single Sales or Supply Contract)
기타경영사항(자율공시)(단일판매·공급계약의 진행사항 공시)	Other Management Matters (Voluntary Disclosure) (Update on a Single Sales or Supply Contract)
기타경영사항(자율공시)(단일판매ㆍ공급계약 진행사항 공시)	Other Management Matters (Voluntary Disclosure) (Update on a Single Sales or Supply Contract)
기타경영사항(자율공시)(단일판매ㆍ공급계약 진행사항)	Other Management Matters (Voluntary Disclosure) (Progress on a Single Sales or Supply Contract)
기타경영사항(자율공시)(단일판매ㆍ공급계약 체결 건의 진행사항 공시 )	Other Management Matters (Voluntary Disclosure) (Update on a Single Sales or Supply Contract)
기타경영사항(자율공시)(단일판매ㆍ공급계약 체결 건의 진행사항 공시)	Other Management Matters (Voluntary Disclosure) (Update on a Single Sales or Supply Contract)
기타경영사항(자율공시)(단일판매ㆍ공급계약 체결 진행사항 공시)	Other Management Matters (Voluntary Disclosure) (Update on a Single Sales or Supply Contract)
기타경영사항(자율공시)(단일판매ㆍ공급계약 체결(자율공시) 건의 진행사항 공시)	Other Management Matters (Voluntary Disclosure) (Update on a Single Sales or Supply Contract)
기타경영사항(자율공시)(단일판매ㆍ공급계약 체결[자율공시] 건의 진행사항 공시)	Other Management Matters (Voluntary Disclosure) (Update on a Single Sales or Supply Contract)
기타경영사항(자율공시)(단일판매ㆍ공급계약체결 진행사항 안내)	Other Management Matters (Voluntary Disclosure) (Notice of Progress on a Single Sales or Supply Contract)
기타경영사항(자율공시)(단일판매ㆍ공급계약체결(자율공시) 건의 진행사항 공시)	Other Management Matters (Voluntary Disclosure) (Update on a Single Sales or Supply Contract)
기타경영사항(자율공시)(단일판매공급계약 진행사항)	Other Management Matters (Voluntary Disclosure) (Progress on a Single Sales or Supply Contract)
기타경영사항(자율공시)(단일판매？공급계약 체결 건의 진행사항 공시)	Other Management Matters (Voluntary Disclosure) (Update on a Single Sales or Supply Contract)
기타경영사항(자율공시)(대우조선해양(주) 재무구조 개선 자구계획(안))	Other Management Matters (Voluntary Disclosure) (Draft Self-Rescue Plan to Improve the Financial Structure of Daewoo Shipbuilding & Marine Engineering)
기타경영사항(자율공시)(바이오의약품 후보물질인 ALT-L9의 임상과 판매에 대한 라이선스계약 체결)	Other Management Matters (Voluntary Disclosure) (Execution of a License Agreement for Clinical Development and Sales of Biopharmaceutical Candidate ALT-L9)
기타경영사항(자율공시)(배당관련)	Other Management Matters (Voluntary Disclosure) (Dividend-Related Matters)
기타경영사항(자율공시)(배당기준일 변경 안내)	Other Management Matters (Voluntary Disclosure) (Notice of Change in Dividend Record Date)
기타경영사항(자율공시)(범부처전주기신약개발사업 지원과제 협약)	Other Management Matters (Voluntary Disclosure) (Agreement for a Government-Wide Full-Cycle Drug Development Program Project)
기타경영사항(자율공시)(사회공헌 매칭기금 및 충남삼성학원 기부금 출연)	Other Management Matters (Voluntary Disclosure) (Contributions to a Social Contribution Matching Fund and Chungnam Samsung Academy)
기타경영사항(자율공시)(산업통상자원부 두뇌역량우수전문기업기술개발 국책 과제 선정)	Other Management Matters (Voluntary Disclosure) (Selection for a Ministry of Trade, Industry and Energy Technology Development Project for Knowledge-Intensive Specialist Companies)
기타경영사항(자율공시)(삼척 포스파워 1,2호기 주기기 공급 우선협상대상자 선정)	Other Management Matters (Voluntary Disclosure) (Selection as Preferred Bidder to Supply Main Equipment for Units 1 and 2 of the Samcheok POSPOWER Plant)
기타경영사항(자율공시)(상장예비심사 결과 접수)	Other Management Matters (Voluntary Disclosure) (Receipt of Preliminary Listing Review Results)
기타경영사항(자율공시)(소규모 합병 승인 이사회 결의)	Other Management Matters (Voluntary Disclosure) (Board Resolution Approving a Small-Scale Merger)
기타경영사항(자율공시)(소규모합병 승인 이사회 결의(주주총회 갈음) 결과 보고)	Other Management Matters (Voluntary Disclosure) (Results of Board Approval of a Small-Scale Merger in Lieu of a General Meeting)
기타경영사항(자율공시)(소규모합병 승인 이사회)	Other Management Matters (Voluntary Disclosure) (Board Approval of a Small-Scale Merger)
기타경영사항(자율공시)(신고리 5,6호기 주설비공사 낙찰자 선정)	Other Management Matters (Voluntary Disclosure) (Selection as Successful Bidder for Main Facility Construction for Shin-Kori Units 5 and 6)
기타경영사항(자율공시)(신규가입자 모집 금지 및 과징금 부과)	Other Management Matters (Voluntary Disclosure) (Ban on Soliciting New Subscribers and Imposition of a Penalty Surcharge)
기타경영사항(자율공시)(아일리아 바이오시밀러 ALT-L9 국내 임상 1상 시험 결과)	Other Management Matters (Voluntary Disclosure) (Domestic Phase 1 Clinical Trial Results for Eylea Biosimilar ALT-L9)
기타경영사항(자율공시)(오버추어(Overture)와 CPC 광고대행계약 체결)	Other Management Matters (Voluntary Disclosure) (Execution of a CPC Advertising Agency Agreement with Overture)
기타경영사항(자율공시)(우리사주조합에 의한 자사주취득)	Other Management Matters (Voluntary Disclosure) (Acquisition of Treasury Shares by the Employee Stock Ownership Association)
기타경영사항(자율공시)(이차전지음극재 자산 양수도 계약)	Other Management Matters (Voluntary Disclosure) (Asset Transfer Agreement for Secondary Battery Anode Materials)
기타경영사항(자율공시)(임시주주총회 개최 철회)	Other Management Matters (Voluntary Disclosure) (Withdrawal of the Extraordinary General Meeting)
기타경영사항(자율공시)(자회사 (주)에프엘씨 지분매각 추진설에 대한 조회공시 요구 확정답변)	Other Management Matters (Voluntary Disclosure) (Definitive Response to Inquiry Regarding Reports of a Proposed Sale of an Interest in Subsidiary FLC)
기타경영사항(자율공시)(전환가액 조정(상환전환우선주))	Other Management Matters (Voluntary Disclosure) (Adjustment of Conversion Price for Redeemable Convertible Preferred Shares)
기타경영사항(자율공시)(전환상환 우선주의 보통주 전환)	Other Management Matters (Voluntary Disclosure) (Conversion of Redeemable Convertible Preferred Shares into Common Shares)
기타경영사항(자율공시)(정부주관 이차전지 양극소재 개발사업 참여기업 선정)	Other Management Matters (Voluntary Disclosure) (Selection as a Participant in a Government-Led Secondary Battery Cathode Material Development Project)
기타경영사항(자율공시)(제 1차 ESG 위원회 개최 결과 보고의 건)	Other Management Matters (Voluntary Disclosure) (Results of the First ESG Committee Meeting)
기타경영사항(자율공시)(조회공시 답변)	Other Management Matters (Voluntary Disclosure) (Response to Inquiry Disclosure)
기타경영사항(자율공시)(조회공시 요구(풍문 또는 보도)에 대한 재답변 관련)	Other Management Matters (Voluntary Disclosure) (Follow-Up Response to Inquiry Regarding Rumors or Media Reports)
기타경영사항(자율공시)(종속회사(한화디펜스)의 단일판매공급게약 체결 )	Other Management Matters (Voluntary Disclosure) (Single Sales or Supply Contract by Subsidiary Hanwha Defense)
기타경영사항(자율공시)(종속회사(한화디펜스)의 단일판매공급계약 체결 )	Other Management Matters (Voluntary Disclosure) (Single Sales or Supply Contract by Subsidiary Hanwha Defense)
기타경영사항(자율공시)(종속회사(한화시스템)의 단일판매공급계약 체결)	Other Management Matters (Voluntary Disclosure) (Single Sales or Supply Contract by Subsidiary Hanwha Systems)
기타경영사항(자율공시)(종속회사(한화지상방산)의 단일판매 공급계약 체결)	Other Management Matters (Voluntary Disclosure) (Single Sales or Supply Contract by Subsidiary Hanwha Land Systems)
기타경영사항(자율공시)(종속회사(한화지상방산)의 단일판매공급계약 체결)	Other Management Matters (Voluntary Disclosure) (Single Sales or Supply Contract by Subsidiary Hanwha Land Systems)
기타경영사항(자율공시)(종속회사(현대로템 브라질법인)의 단일판매공급계약 체결)	Other Management Matters (Voluntary Disclosure) (Single Sales or Supply Contract by the Brazilian Subsidiary of Hyundai Rotem)
기타경영사항(자율공시)(종속회사의주요경영사항)(신규 시설투자 결정)	Other Management Matters (Voluntary Disclosure) (Material Management Matter of a Subsidiary: Decision on New Facility Investment)
기타경영사항(자율공시)(주식회사 카카오와 주식회사 카카오엠의 합병 진행 상황 안내)	Other Management Matters (Voluntary Disclosure) (Update on the Merger Between Kakao Corp. and Kakao M Corp.)
기타경영사항(자율공시)(주주가치 증진을 위한 경영투명성 제고 방안)	Other Management Matters (Voluntary Disclosure) (Measures to Improve Management Transparency and Enhance Shareholder Value)
기타경영사항(자율공시)(주주가치 증진을 위한 내부개선 경영계획 이행현황)	Other Management Matters (Voluntary Disclosure) (Implementation Status of the Internal Management Improvement Plan to Enhance Shareholder Value)
기타경영사항(자율공시)(주주가치 증진을 위한 내부개선 경영계획)	Other Management Matters (Voluntary Disclosure) (Internal Management Improvement Plan to Enhance Shareholder Value)
기타경영사항(자율공시)(주주권익 보호 담당 사외이사 후보의 결정)	Other Management Matters (Voluntary Disclosure) (Selection of an Outside Director Candidate Responsible for Protecting Shareholder Rights)
기타경영사항(자율공시)(주주권익 보호담당 사외이사후보의 주주추천 모집)	Other Management Matters (Voluntary Disclosure) (Invitation for Shareholder Recommendations for an Outside Director Candidate Responsible for Protecting Shareholder Rights)
기타경영사항(자율공시)(중국기업과 조선소 공동건설 추진보도에 대한 조회공시 요구 확정답변)	Other Management Matters (Voluntary Disclosure) (Definitive Response to Inquiry Regarding Reports of Joint Shipyard Construction with a Chinese Company)
기타경영사항(자율공시)(증권선물거래소 유가증권시장본부로부터 상장예비심사 결과 접수)	Other Management Matters (Voluntary Disclosure) (Receipt of Preliminary Listing Review Results from the Stock Market Division of the Korea Exchange)
기타경영사항(자율공시)(지주회사 전환신고에 대한 심사결과 통지서 접수 )	Other Management Matters (Voluntary Disclosure) (Receipt of Review Results for Holding Company Conversion Filing)
기타경영사항(자율공시)(지주회사 전환신고에 대한 심사결과 통지서 접수)	Other Management Matters (Voluntary Disclosure) (Receipt of Review Results for Holding Company Conversion Filing)
기타경영사항(자율공시)(컨테이너선 11척 (17억달러) 수주 보도관련 공시)	Other Management Matters (Voluntary Disclosure) (Disclosure Regarding Reports of a USD 1.7 Billion Order for 11 Container Ships)
기타경영사항(자율공시)(타법인 주식 취득에 관한 진행사항)	Other Management Matters (Voluntary Disclosure) (Progress on Acquisition of Shares in Another Company)
기타경영사항(자율공시)(터키 Afsin 화력발전소 1~4호기(344 x 4 Units) 개보수 공사 우선협상대상자 선정)	Other Management Matters (Voluntary Disclosure) (Selection as Preferred Bidder for Refurbishment of Units 1 to 4 of the Afsin Thermal Power Plant in Türkiye)
기타경영사항(자율공시)(트룩시마주(Rituximab biosimilar) 국내 판매허가 획득)	Other Management Matters (Voluntary Disclosure) (Domestic Marketing Authorization for Truxima, a Rituximab Biosimilar)
기타경영사항(자율공시)(편광판 및 편광판 소재 사업 영업 양도 결정)	Other Management Matters (Voluntary Disclosure) (Decision to Transfer the Polarizer and Polarizer Materials Business)
기타경영사항(자율공시)(포스코 광양제철소 석회소성 설비 당사 임대 운영)	Other Management Matters (Voluntary Disclosure) (Operation of POSCO Gwangyang Steelworks Lime Calcination Facilities Under Lease)
기타경영사항(자율공시)(포스코 인도 냉연 수처리설비/Electrical System 의 진행사항 공시)	Other Management Matters (Voluntary Disclosure) (Progress Update on Water Treatment and Electrical Systems for POSCO India Cold-Rolling Facilities)
기타경영사항(자율공시)(포스코특수강 매각 관련)	Other Management Matters (Voluntary Disclosure) (Sale of POSCO Specialty Steel)
기타경영사항(자율공시)(합병승인 이사회결의)	Other Management Matters (Voluntary Disclosure) (Board Resolution Approving a Merger)
기타경영사항(자율공시)(현대그룹의 주요 자구계획 중 현대상선㈜ 관련)	Other Management Matters (Voluntary Disclosure) (Hyundai Merchant Marine Matters Under Hyundai Group's Principal Self-Rescue Plan)
기타경영사항(특허권취득)(자율공시)(FOLR1에 특이적으로 결합하는 항체 및 그의 용도)	Other Management Matters (Patent Acquisition, Voluntary Disclosure) (Antibody That Specifically Binds to FOLR1 and Uses Thereof)
기타경영사항(특허권취득)(자율공시)(IgG Fc 도메인을 가지는 융합 단백질의 생산방법)	Other Management Matters (Patent Acquisition, Voluntary Disclosure) (Method for Producing a Fusion Protein Containing an IgG Fc Domain)
기타경영사항(특허권취득)(자율공시)(IgG Fc 도메인을 가지는 융합 단백질의 안정한 액상 제제)	Other Management Matters (Patent Acquisition, Voluntary Disclosure) (Stable Liquid Formulation of a Fusion Protein Containing an IgG Fc Domain)
기타경영사항(특허권취득)(자율공시)(변형항체를 포함하는 항체-약물 접합체)	Other Management Matters (Patent Acquisition, Voluntary Disclosure) (Antibody-Drug Conjugate Containing a Modified Antibody)
기타경영사항(특허권취득)(자율공시)(항체-링커-약물 결합체(ADC, Antibody-Drug Conjugate), 그의 제조방법 및 그를 포함하는 항암제 조성물)	Other Management Matters (Patent Acquisition, Voluntary Disclosure) (Antibody-Linker-Drug Conjugate, Manufacturing Method, and Anticancer Composition Containing It)
기타경영사항(특허권취득)(자율공시)(혈액응고 인자 VII/VIIa 융합단백질의 제조방법)	Other Management Matters (Patent Acquisition, Voluntary Disclosure) (Method for Producing a Coagulation Factor VII/VIIa Fusion Protein)
기타녹색경영정보관련공시	Other Green Management Information Disclosure
기타당일공시	Other Same-Day Disclosure
기타시장안내	Other Market Notice
기타시장안내 (업종변경 안내)	Other Market Notice (Industry Classification Change Notice)
기타시장안내 (업종변경)	Other Market Notice (Industry Classification Change)
기타시장안내(1우선주 관리종목 지정 우려(시가총액 5억원 미달))	Other Market Notice (Risk of Administrative Issue Designation for First Preferred Shares Due to Market Capitalization Below KRW 500 Million)
기타시장안내(1우선주 시가총액 5억원 미만 관련 상장폐지 우려)	Other Market Notice (Risk of Delisting First Preferred Shares Due to Market Capitalization Below KRW 500 Million)
기타시장안내(1우선주 시가총액 5억원 미만 상장폐지 관련)	Other Market Notice (Delisting of First Preferred Shares Due to Market Capitalization Below KRW 500 Million)
기타시장안내(개선기간 부여 결정)	Other Market Notice (Decision to Grant a Remediation Period)
기타시장안내(기업심사위원회 심의대상 결정)	Other Market Notice (Decision to Refer the Matter to the Corporate Review Committee)
기타시장안내(기업심사위원회 심의대상 제외결정 안내)	Other Market Notice (Decision Not to Refer the Matter to the Corporate Review Committee)
기타시장안내(상장적격성 실질심사 관련 기업심사위원회 심의대상 여부 결정을 위한 조사기간 연장 안내)	Other Market Notice (Extension of Review Period to Determine Referral to the Corporate Review Committee for Substantive Listing Eligibility Review)
기타시장안내(상장적격성 실질심사 관련 안내)	Other Market Notice (Substantive Listing Eligibility Review Notice)
기타시장안내(상장적격성 실질심사 관련)	Other Market Notice (Substantive Listing Eligibility Review)
기타시장안내(상장적격성 실질심사 사유 발생 안내)	Other Market Notice (Occurrence of Grounds for Substantive Listing Eligibility Review)
기타시장안내(상장적격성 실질심사 사유추가 안내)	Other Market Notice (Addition of Grounds for Substantive Listing Eligibility Review)
기타시장안내(셀트리온 상장명세서)	Other Market Notice (Celltrion Listing Statement)
기타시장안내(약명및영문명)	Other Market Notice (Abbreviated and English Company Names)
기타시장안내(약명및영문명) (영문상호)	Other Market Notice (Abbreviated and English Company Names) (English Corporate Name)
기타시장안내(업종변경)	Other Market Notice (Industry Classification Change)
기타시장안내(에이치엘비우)	Other Market Notice (HLB Preferred Shares)
기타시장안내(연구개발 우수기업 매출액 특례적용 관련)	Other Market Notice (Special Revenue Criteria for Outstanding Research and Development Companies)
기타시장안내(우회상장심사 승인 결정 안내)	Other Market Notice (Approval of Backdoor Listing Review)
기타시장안내(유가증권시장 기업심사위원회 심의결과 및 상장유지 결정 안내)	Other Market Notice (Stock Market Corporate Review Committee Results and Decision to Maintain Listing)
기타시장안내(합병 우회상장 관련)	Other Market Notice (Backdoor Listing Through Merger)
기타시장조치등	Other Market Measures
기타안내사항(안내공시) (2025년 분기배당 일정 관련 안내)	Other Notice (2025 Quarterly Dividend Schedule)
기타안내사항(안내공시)(고려아연(주) 보통주 보호예수(의무보유)기간 만료 안내)	Other Notice (Expiration of Mandatory Holding Period for Korea Zinc Common Shares)
기타안내사항(안내공시)(보호예수기간 만료 안내)	Other Notice (Expiration of Lock-Up Period)
기타안내사항(안내공시)(보호예수기간만료)	Other Notice (Expiration of Lock-Up Period)
기타안내사항(안내공시)(주식매수청구권 행사 결과)	Other Notice (Results of Exercise of Appraisal Rights)
기타안내사항(안내공시)(주식매수청구권 행사결과 안내)	Other Notice (Results of Exercise of Appraisal Rights)
기타안내사항(안내공시)(주주총회 장소 및 시간 변경)	Other Notice (Change of Venue and Time for the General Meeting of Shareholders)
기타안내사항(안내공시)(합병관련 주식매수청구권 행사결과)	Other Notice (Results of Exercise of Appraisal Rights in Connection with a Merger)
기타익일공시	Other Next-Day Disclosure
기타주요경영사항 (유가증권시장 이전상장 추진 잠정 유보)	Other Material Management Matters (Temporary Suspension of Proposed Transfer Listing to the KOSPI Market)
기타주요경영사항 (유가증권시장 이전상장을 위한 예비심사 신청 철회의 건)	Other Material Management Matters (Withdrawal of Preliminary Review Application for Transfer Listing to the KOSPI Market)
기타주요경영사항(유가증권시장 이전상장 관련 이사회 결의 보고)	Other Material Management Matters (Board Resolution Regarding Transfer Listing to the KOSPI Market)
기타주요경영사항(인간 히알루로니다제 원천 기술(ALT-B4) 독점적 라이센스 계약 체결)	Other Material Management Matters (Exclusive License Agreement for Proprietary Human Hyaluronidase Technology ALT-B4)
기타주요경영사항(자회사의 주요경영사항) (유가증권시장 이전상장을 위한 예비심사 신청 철회의 건)	Other Material Management Matters (Material Management Matter of a Subsidiary: Withdrawal of Preliminary Review Application for Transfer Listing to the KOSPI Market)
기타주요경영사항(종속회사의주요경영사항) (회사합병결정(종속회사의 주요경영사항)철회 등)	Other Material Management Matters (Material Management Matter of a Subsidiary: Withdrawal of Company Merger Decision and Related Matters)
기타주요경영사항(종속회사의주요경영사항)(신규시설투자)	Other Material Management Matters (Material Management Matter of a Subsidiary: New Facility Investment)
기타주요경영사항(종속회사의주요경영사항)(에코프로비엠의 시설 투자 결정)	Other Material Management Matters (Material Management Matter of a Subsidiary: EcoPro BM Facility Investment Decision)
기타주요경영사항(타법인 주식 및 출자증권 취득 결정 취소)	Other Material Management Matters (Cancellation of Decision to Acquire Shares or Equity Securities of Another Company)
기타주요경영사항(타법인 주식 및 출자증권 취득결정 철회)	Other Material Management Matters (Withdrawal of Decision to Acquire Shares or Equity Securities of Another Company)
녹색기술ㆍ사업에대한인증ㆍ인증취소	Certification or Revocation of Certification for Green Technology or Business
녹색기업의지정ㆍ지정취소	Designation or Revocation of Designation as a Green Company
단기차입금감소	Decrease in Short-Term Borrowings
단기차입금감소결정	Decision to Decrease Short-Term Borrowings
단수주및실권주처리	Treatment of Fractional and Forfeited Shares
단일판매ㆍ공급계약해지	Termination of a Single Sales or Supply Contract
단일판매계약해지	Termination of a Single Sales Contract
대량주식취득보고서	Bulk Share Acquisition Report
대량주식취득승인신청서	Application for Approval of a Bulk Share Acquisition
등록법인결산서류	Financial Statements of a Registered Corporation
등록법인등록목적변경신청서	Application to Change the Purpose of Registration of a Registered Corporation
등록법인신청서	Registered Corporation Application
매매개시일기준가산정등에관한안내	Notice on Calculation of the Base Price for the First Trading Day
매매거래정지및정지해제(불성실공시)	Trading Suspension and Resumption (Unfaithful Disclosure)
매매거래정지및정지해제(중요내용공시)	Trading Suspension and Resumption (Material Disclosure)
매매거래정지및정지해제(풍문등조회공시)	Trading Suspension and Resumption (Inquiry Disclosure Regarding Rumors)
매출액또는손익구조30%(대규모법인15%)미만변경	Change of Less Than 30% in Revenue or Profit/Loss Structure (15% for Large Companies)
매출액또는손익구조30%(대규모법인은15%)미만변동	Change of Less Than 30% in Revenue or Profit/Loss Structure (15% for Large Companies)
매출액또는손익구조30%(대규모법인은15%)이상변경(자회사의 주요경영사항)(우리은행)	Change of 30% or More in Revenue or Profit/Loss Structure (15% for Large Companies) (Material Management Matter of Subsidiary Woori Bank)
모집이외의방법(사모)에의한사채발행결의	Resolution to Issue Bonds by Private Placement
무상증자결정	Decision on a Bonus Issue
반기검토(감사)보고서제출	Submission of Semiannual Review or Audit Report
반기검토(감사)의견거절등사실확인	Confirmation of Disclaimer of Opinion or Similar Matter in a Semiannual Review or Audit
배당락	Ex-Dividend
배당락 (주식배당)	Ex-Dividend (Stock Dividend)
배당락(주식배당)	Ex-Dividend (Stock Dividend)
벌금등의부과	Imposition of Fines or Similar Penalties
변경상장(상호변경)	Listing Change (Corporate Name Change)
본점소재지변경	Change of Head Office Address
분기ㆍ중간배당결정	Quarterly or Interim Dividend Decision
분할신고서	Spin-Off Report
분할종료보고서	Spin-Off Completion Report
불성실공시(공시번복)법인지정및벌점부과	Designation as an Unfaithful Disclosure Corporation and Penalty Points for Reversal of Disclosure
불성실공시(공시번복)법인지정예고및벌점부과예고	Advance Notice of Designation as an Unfaithful Disclosure Corporation and Penalty Points for Reversal of Disclosure
불성실공시법인미지정	Decision Not to Designate as an Unfaithful Disclosure Corporation
불성실공시법인미지정 (공시번복 2건)	Decision Not to Designate as an Unfaithful Disclosure Corporation (Two Reversals of Disclosure)
불성실공시법인미지정 (지정유예)	Decision Not to Designate as an Unfaithful Disclosure Corporation (Designation Deferred)
불성실공시법인미지정(유예)	Decision Not to Designate as an Unfaithful Disclosure Corporation (Deferred)
불성실공시법인미지정(지정유예)	Decision Not to Designate as an Unfaithful Disclosure Corporation (Designation Deferred)
불성실공시법인지정	Designation as an Unfaithful Disclosure Corporation
불성실공시법인지정(공시번복)	Designation as an Unfaithful Disclosure Corporation (Reversal of Disclosure)
불성실공시법인지정(공시불이행 2건)	Designation as an Unfaithful Disclosure Corporation (Two Failures to Disclose)
불성실공시법인지정예고	Advance Notice of Designation as an Unfaithful Disclosure Corporation
불성실공시법인지정예고 (공시번복 2건)	Advance Notice of Designation as an Unfaithful Disclosure Corporation (Two Reversals of Disclosure)
불성실공시법인지정예고(공시번복)	Advance Notice of Designation as an Unfaithful Disclosure Corporation (Reversal of Disclosure)
비상장회사의중요사항정기공시	Periodic Disclosure of Material Matters by an Unlisted Company
비유동자산취득결정	Decision to Acquire Non-Current Assets
사업계획의진척상황등(기술성장기업)	Progress of Business Plans and Other Matters (Technology Growth Company)
사업보고서제출기한연장신고서	Report on Extension of the Annual Report Filing Deadline
사채권자집회결의	Resolution of a Bondholders' Meeting
사채권자집회결의(제6-2회 무보증사채)	Resolution of a Bondholders' Meeting (6-2nd Unsecured Bonds)
사채권자집회결의(현대상선 제176-2회 무보증 사채)	Resolution of a Bondholders' Meeting (Hyundai Merchant Marine 176-2nd Unsecured Bonds)
사채권자집회결의(현대상선 제177-2회 무보증 사채)	Resolution of a Bondholders' Meeting (Hyundai Merchant Marine 177-2nd Unsecured Bonds)
사채권자집회결의(현대상선 제179-2회 무보증 사채)	Resolution of a Bondholders' Meeting (Hyundai Merchant Marine 179-2nd Unsecured Bonds)
사채권자집회결의(현대상선 제180회 무보증 사채)	Resolution of a Bondholders' Meeting (Hyundai Merchant Marine 180th Unsecured Bonds)
사채권자집회소집	Convocation of a Bondholders' Meeting
사채권자집회소집(대우조선해양 제4-2회 무보증사채)	Convocation of a Bondholders' Meeting (Daewoo Shipbuilding & Marine Engineering 4-2nd Unsecured Bonds)
사채권자집회소집(대우조선해양 제5-2회 무보증사채)	Convocation of a Bondholders' Meeting (Daewoo Shipbuilding & Marine Engineering 5-2nd Unsecured Bonds)
사채권자집회소집(대우조선해양 제6-1회 무보증사채)	Convocation of a Bondholders' Meeting (Daewoo Shipbuilding & Marine Engineering 6-1st Unsecured Bonds)
사채권자집회소집(대우조선해양 제6-2회 무보증사채)	Convocation of a Bondholders' Meeting (Daewoo Shipbuilding & Marine Engineering 6-2nd Unsecured Bonds)
사채권자집회소집(대우조선해양 제7회 무보증사채)	Convocation of a Bondholders' Meeting (Daewoo Shipbuilding & Marine Engineering 7th Unsecured Bonds)
사채권자집회소집(제6-2회 무보증사채)	Convocation of a Bondholders' Meeting (6-2nd Unsecured Bonds)
사채권자집회소집(현대상선 제176-2회 무보증 사채)	Convocation of a Bondholders' Meeting (Hyundai Merchant Marine 176-2nd Unsecured Bonds)
사채권자집회소집(현대상선 제177-2회 무보증 사채)	Convocation of a Bondholders' Meeting (Hyundai Merchant Marine 177-2nd Unsecured Bonds)
사채권자집회소집(현대상선 제179-2회 무보증 사채)	Convocation of a Bondholders' Meeting (Hyundai Merchant Marine 179-2nd Unsecured Bonds)
사채권자집회소집(현대상선 제180회 무보증 사채)	Convocation of a Bondholders' Meeting (Hyundai Merchant Marine 180th Unsecured Bonds)
사채권자집회소집(현대상선 제186회 무보증 신주인수권부사채)	Convocation of a Bondholders' Meeting (Hyundai Merchant Marine 186th Unsecured Bonds with Warrants)
사채원리금미지급발생	Default on Principal or Interest of Bonds
상근감사선임결의	Resolution to Appoint a Full-Time Auditor
상근감사해임	Dismissal of a Full-Time Auditor
상장유가증권(협회등록주권)과관련한소송의확정	Final Resolution of Litigation Related to Listed Securities or Association-Registered Shares
상장유가증권(협회등록주권)과관련한소의기각_각하또는취하	Dismissal, Rejection, or Withdrawal of an Action Related to Listed Securities or Association-Registered Shares
상장유가증권(협회등록주권)과관련한소제기	Filing of an Action Related to Listed Securities or Association-Registered Shares
상장유가증권(협회등록주권)관련이외의소송의확정	Final Resolution of Litigation Unrelated to Listed Securities or Association-Registered Shares
상장유가증권(협회등록주권)관련이외의소의기각_각하또는취하	Dismissal, Rejection, or Withdrawal of an Action Unrelated to Listed Securities or Association-Registered Shares
상장유가증권(협회등록주권)관련이외의소제기	Filing of an Action Unrelated to Listed Securities or Association-Registered Shares
상장채권관련기타주요사항	Other Material Matters Related to Listed Bonds
상장채권관련기타주요사항(현대상선 제177-2회 무보증 사채)	Other Material Matters Related to Listed Bonds (Hyundai Merchant Marine 177-2nd Unsecured Bonds)
상장채권관련기타주요사항(현대상선 제179-2회 무보증 사채)	Other Material Matters Related to Listed Bonds (Hyundai Merchant Marine 179-2nd Unsecured Bonds)
상장채권관련기타주요사항(현대상선 제180회 무보증 사채)	Other Material Matters Related to Listed Bonds (Hyundai Merchant Marine 180th Unsecured Bonds)
상장채권관련기타주요사항(현대상선 제186회 무보증 신주인수권부사채)	Other Material Matters Related to Listed Bonds (Hyundai Merchant Marine 186th Unsecured Bonds with Warrants)
상장채권기한의이익상실	Acceleration of Listed Bonds
상장폐지	Delisting
상장폐지결정	Delisting Decision
상장폐지승인을위한의안상정결정	Decision to Submit a Proposal for Approval of Delisting
상호변경안내	Corporate Name Change Notice
상호저축은행과점주주지위획득또는변동	Acquisition or Change of Controlling Shareholder Status in a Mutual Savings Bank
소속부변경	Change of Market Division
소송등의제기	Filing of Litigation
소송등의제기ㆍ신청(경영권분쟁소송)	Filing or Application of Litigation (Management Control Dispute)
소송등의제기ㆍ신청(경영권분쟁소송)(장부등열람허용가처분)	Filing or Application of Litigation (Management Control Dispute: Injunction to Permit Inspection of Books and Records)
소송등의제기ㆍ신청(일정금액이상의청구)(손해배상(기) 청구의 소)	Filing or Application of Litigation (Damages Claim Above the Reporting Threshold)
소송등의제기ㆍ신청(자율공시:합병ㆍ분할등관련무효ㆍ취소)	Filing or Application of Litigation (Voluntary Disclosure: Invalidation or Cancellation Related to Merger or Spin-Off)
소송등의판결ㆍ결정(자율공시:합병ㆍ분할등관련무효ㆍ취소)	Judgment or Decision in Litigation (Voluntary Disclosure: Invalidation or Cancellation Related to Merger or Spin-Off)
소액공모감사보고	Audit Report for a Small Public Offering
소액공모공시서류	Small Public Offering Disclosure Documents
소액공모실적보고서	Small Public Offering Results Report
수시공시의무관련사항(공정공시) (종속회사인 주식회사 에코프로이노베이션과 주식회사 에코프로씨엔지의 합병계획)	Matters Related to Ad Hoc Disclosure Obligations (Fair Disclosure) (Planned Merger of Subsidiaries EcoPro Innovation and EcoPro CNG)
수시공시의무관련사항(공정공시)(EV용 하이니켈 양극재(NCM) 판매 계약 체결)	Matters Related to Ad Hoc Disclosure Obligations (Fair Disclosure) (Sales Contract for High-Nickel NCM Cathode Materials for Electric Vehicles)
수시공시의무관련사항(공정공시)(대표이사 변경 예정)	Matters Related to Ad Hoc Disclosure Obligations (Fair Disclosure) (Planned Change of Chief Executive Officer)
수시공시의무관련사항(공정공시)(유상증자 계획)	Matters Related to Ad Hoc Disclosure Obligations (Fair Disclosure) (Planned Capital Increase with Consideration)
수시공시의무관련사항(공정공시)(전환사채권 발행 계획)	Matters Related to Ad Hoc Disclosure Obligations (Fair Disclosure) (Planned Issuance of Convertible Bonds)
수시공시의무관련사항(공정공시)(진단시약 공동 개발을 위한 양해각서(MOU) 체결)	Matters Related to Ad Hoc Disclosure Obligations (Fair Disclosure) (Memorandum of Understanding for Joint Development of Diagnostic Reagents)
수증	Receipt of a Donation
시설외투자등	Non-Facility Investments and Other Matters
시장조성보고서	Market Making Report
시장조성신고서	Market Making Statement
신규상장	New Listing
신주인수권부사채(해외신주인수권부사채포함)발행후만기전사채취득	Acquisition Before Maturity of Bonds with Warrants After Issuance, Including Overseas Bonds with Warrants
신주인수권부사채(해외신주인수권부사채포함)발행후만기전사채취득(제21회차BW)	Acquisition Before Maturity of Bonds with Warrants After Issuance (21st Bonds with Warrants)
신주인수권부사채(해외신주인수권부사채포함)발행후만기전사채취득(제35회차)	Acquisition Before Maturity of Bonds with Warrants After Issuance (35th Series)
신주인수권부사채(해외신주인수권부사채포함)발행후만기전사채취득(제37회차)	Acquisition Before Maturity of Bonds with Warrants After Issuance (37th Series)
신주인수권부사채발행결정	Decision to Issue Bonds with Warrants
신주인수권부사채행사가액결정	Determination of Exercise Price for Bonds with Warrants
신주인수권행사	Exercise of Warrants
신주인수권행사(17회차BW)	Exercise of Warrants (17th Bonds with Warrants)
신주인수권행사(제12회차)	Exercise of Warrants (12th Series)
신주인수권행사(제13회차)	Exercise of Warrants (13th Series)
신주인수권행사(제16회차BW)	Exercise of Warrants (16th Bonds with Warrants)
신주인수권행사(제1회차)	Exercise of Warrants (1st Series)
신주인수권행사가액의조정(제20회차BW)	Adjustment of Warrant Exercise Price (20th Bonds with Warrants)
신주인수권행사가액의조정(제30회차)	Adjustment of Warrant Exercise Price (30th Series)
신주인수권행사가액의조정(제34,35,37회차)	Adjustment of Warrant Exercise Price (34th, 35th, and 37th Series)
신주인수권행사가액의조정(제34회차)	Adjustment of Warrant Exercise Price (34th Series)
신주인수권행사가액의조정(제35회차)	Adjustment of Warrant Exercise Price (35th Series)
신주인수권행사가액의조정(제37회차)	Adjustment of Warrant Exercise Price (37th Series)
신주인수권행사가액의조정(제6회차 BW)	Adjustment of Warrant Exercise Price (6th Bonds with Warrants)
신탁계약등에의한자기주식취득상황	Status of Treasury Share Acquisition Under a Trust Agreement
신탁계약등에의해취득한자기주식의장외처분결정	Decision on Off-Market Disposal of Treasury Shares Acquired Under a Trust Agreement
업종변경	Change of Industry Classification
연결감사보고서	Consolidated Audit Report
연결재무제표기준영업(잠정)실적(공정공시)(자회사의 주요경영사항)(HD현대사이트솔루션)	Preliminary Operating Results on a Consolidated Basis (Fair Disclosure) (Material Management Matter of Subsidiary HD Hyundai Site Solution)
연결재무제표기준영업(잠정)실적(공정공시)(자회사의 주요경영사항)(메리츠증권)	Preliminary Operating Results on a Consolidated Basis (Fair Disclosure) (Material Management Matter of Subsidiary Meritz Securities)
연결재무제표기준영업(잠정)실적(공정공시)(자회사의 주요경영사항)(우리은행)	Preliminary Operating Results on a Consolidated Basis (Fair Disclosure) (Material Management Matter of Subsidiary Woori Bank)
영업(잠정)실적(공정공시)(자회사의 주요경영사항)(메리츠화재해상보험)	Preliminary Operating Results (Fair Disclosure) (Material Management Matter of Subsidiary Meritz Fire & Marine Insurance)
영업양도결정	Decision to Transfer a Business
영업양수ㆍ도신고서	Business Acquisition or Transfer Report
영업양수ㆍ도종료보고서	Business Acquisition or Transfer Completion Report
영업양수결정	Decision to Acquire a Business
영업정지	Business Suspension
예비공개매수설명서	Preliminary Tender Offer Prospectus
온실가스ㆍ에너지관리업체지정ㆍ지정취소	Designation or Revocation of Designation as a Greenhouse Gas and Energy Management Entity
외부감사계약의해지	Termination of External Audit Agreement
외부평가계약체결신고	Report on Execution of an External Valuation Agreement
우선주매매거래정지	Trading Suspension of Preferred Shares
유가증권-CP	Securities — Commercial Paper
유가증권-기타유가증권	Securities — Other Securities
유가증권-주식	Securities — Shares
유무상증자결정	Decision on Capital Increase with Consideration and Bonus Issue
유상증자1차발행가액결정	Determination of First Issue Price for Capital Increase with Consideration
유상증자결의	Resolution on Capital Increase with Consideration
유상증자결정(종속회사의주요경영사항)(ES America, LLC)	Decision on Capital Increase with Consideration (Material Management Matter of Subsidiary ES America, LLC)
유상증자결정(종속회사의주요경영사항)(LG Energy Solution Michigan)	Decision on Capital Increase with Consideration (Material Management Matter of Subsidiary LG Energy Solution Michigan)
유상증자결정(종속회사의주요경영사항)(제3자배정)	Decision on Capital Increase with Consideration (Material Management Matter of a Subsidiary: Third-Party Allocation)
유상증자또는주식관련사채등의청약결과(자율공시)(실권주 일반공모 ?약결과)	Subscription Results for a Capital Increase or Share-Related Bonds (Voluntary Disclosure) (Public Offering of Forfeited Shares)
유상증자또는주식관련사채등의청약결과(자율공시)(주주배정 유상증자)	Subscription Results for a Capital Increase or Share-Related Bonds (Voluntary Disclosure) (Shareholder-Allotted Capital Increase)
유상증자신주발행가액(안내공시)((1차 발행가액)	Issue Price of New Shares in a Capital Increase with Consideration (Notice) (First Issue Price)
유상증자신주발행가액(안내공시)((1차 발행가액))	Issue Price of New Shares in a Capital Increase with Consideration (Notice) (First Issue Price)
유상증자신주발행가액(안내공시)(1차 발행가액 안내공시)	Issue Price of New Shares in a Capital Increase with Consideration (Notice) (First Issue Price)
유상증자신주발행가액(안내공시)(유상증자 확정발행 가액)	Issue Price of New Shares in a Capital Increase with Consideration (Notice) (Final Issue Price)
유상증자신주발행가액(안내공시)(확정 발행가액)	Issue Price of New Shares in a Capital Increase with Consideration (Notice) (Final Issue Price)
유상증자최종발행가액확정	Finalization of Issue Price for Capital Increase with Consideration
유형자산처분결정	Decision to Dispose of Tangible Assets
유형자산취득결정	Decision to Acquire Tangible Assets
의결권대리행사권유에관한의견표명서	Statement of Opinion on Proxy Solicitation
의결권행사가금지되는주식의공시사항	Disclosure of Shares Prohibited from Exercising Voting Rights
의결권행사가금지되는주식의변동사유및변동내역	Reasons for and Details of Changes in Shares Prohibited from Exercising Voting Rights
이사회결의에의한주식매수선택권부여	Grant of Stock Options by Board Resolution
이사회의성별구성의무준수현황	Compliance Status for Board Gender Composition Requirements
이상급등종목지정	Designation as an Abnormally Surging Issue
이상급등종목지정예고	Advance Notice of Designation as an Abnormally Surging Issue
이상급등종목지정해제	Removal of Designation as an Abnormally Surging Issue
이익소각결정	Decision to Cancel Shares Using Retained Earnings
이익소각완료	Completion of Share Cancellation Using Retained Earnings
이익소각을위한자기주식취득완료또는취득기간종료	Completion of Treasury Share Acquisition or End of Acquisition Period for Share Cancellation Using Retained Earnings
일반채권의해외발행계약체결	Execution of an Overseas Straight Bond Issuance Agreement
일반채권의해외발행완료	Completion of Overseas Straight Bond Issuance
임시주주총회결과(자회사의 주요경영사항)(SK에너지-SK이노베이션의 100% 비상장 자회사)	Results of an Extraordinary General Meeting (Material Management Matter of SK Energy, a Wholly Owned Unlisted Subsidiary of SK Innovation)
임시주주총회결과(자회사의 주요경영사항)(SK이노베이션의 자회사인 SK에너지의 공시사항임)	Results of an Extraordinary General Meeting (Material Management Matter of Subsidiary SK Energy)
임시주주총회결과(자회사의 주요경영사항)(SK이노베이션의 자회사인 SK종합화학의 공시사항임)	Results of an Extraordinary General Meeting (Material Management Matter of Subsidiary SK Global Chemical)
임시주주총회결과(자회사의 주요경영사항)(SK이노베이션의 주요 자회사인 SK에너지의 공시사항임)	Results of an Extraordinary General Meeting (Material Management Matter of Major Subsidiary SK Energy)
임시주주총회결과(자회사의 주요경영사항)(SK종합화학-SK이노베이션의 100% 비상장 자회사)	Results of an Extraordinary General Meeting (Material Management Matter of SK Global Chemical, a Wholly Owned Unlisted Subsidiary of SK Innovation)
임시주주총회결과(자회사의 주요경영사항)(주요 자회사인 SK에너지 주식회사의 주요 경영사항임)	Results of an Extraordinary General Meeting (Material Management Matter of Major Subsidiary SK Energy)
임시주주총회결과(자회사의 주요경영사항)(주요 자회사인 SK종합화학 주식회사의 주요 경영사항임)	Results of an Extraordinary General Meeting (Material Management Matter of Major Subsidiary SK Global Chemical)
임시주주총회결과(자회사의 주요경영사항)(주요 자회사인 SK종합화학의 주요 경영사항임)	Results of an Extraordinary General Meeting (Material Management Matter of Major Subsidiary SK Global Chemical)
임시주주총회결과(제16기 제1차 임시주주총회 결과 공시)	Results of an Extraordinary General Meeting (First Extraordinary General Meeting of the 16th Fiscal Term)
임시주주총회결과(제16기 제2차 임시주주총회 결과)	Results of an Extraordinary General Meeting (Second Extraordinary General Meeting of the 16th Fiscal Term)
임시주주총회결과(제17기 제1차 임시주주총회 결과)	Results of an Extraordinary General Meeting (First Extraordinary General Meeting of the 17th Fiscal Term)
임시주주총회결과(제17기 제2차 임시주주총회 결과)	Results of an Extraordinary General Meeting (Second Extraordinary General Meeting of the 17th Fiscal Term)
임시주주총회결과(제17기 제3차 임시주주총회 결과)	Results of an Extraordinary General Meeting (Third Extraordinary General Meeting of the 17th Fiscal Term)
임시주주총회결과(제18기 제1차 임시주주총회)	Results of an Extraordinary General Meeting (First Extraordinary General Meeting of the 18th Fiscal Term)
임원ㆍ주요주주특정증권등거래계획보고서	Planned Transaction Report for Specified Securities by Officers and Major Shareholders
자기교환사채만기전취득결정	Decision to Acquire Own Exchangeable Bonds Before Maturity
자기주식처분(신탁계약등해지)결과	Treasury Share Disposal Results Following Termination of a Trust Agreement
자기주식처분결과	Treasury Share Disposal Results
자기주식취득결과	Treasury Share Acquisition Results
자기주식취득신탁계약등체결결정	Decision to Enter into a Treasury Share Acquisition Trust Agreement
자본도입또는기술도입계약체결	Execution of a Capital Introduction or Technology Introduction Agreement
자본잠식50%이상또는매출액50억원미만사실발생	Occurrence of Capital Impairment of at Least 50% or Revenue Below KRW 5 Billion
자산양도등의등록신청서	Application for Registration of an Asset Transfer or Similar Transaction
자산양수ㆍ도신고서	Asset Acquisition or Transfer Report
자산양수ㆍ도종료보고서	Asset Acquisition or Transfer Completion Report
자산유동화계획의등록신청서	Application for Registration of an Asset Securitization Plan
자산재평가결과	Asset Revaluation Results
자산재평가변경	Change in Asset Revaluation
자산재평가실시결의	Resolution to Conduct an Asset Revaluation
자산재평가실시결정	Decision to Conduct an Asset Revaluation
자원개발진행사항공시	Resource Development Progress Disclosure
자원개발투자결정	Resource Development Investment Decision
자진공시	Voluntary Disclosure
장기차입결정	Decision on Long-Term Borrowing
장단기차입	Short- and Long-Term Borrowings
장래계획에관한사항	Matters Concerning Future Plans
재해발생	Occurrence of a Disaster
전환가액의조정	Adjustment of Conversion Price
전환가액의조정 (제38회차)	Adjustment of Conversion Price (38th Series)
전환가액의조정 (제39회차)	Adjustment of Conversion Price (39th Series)
전환가액의조정(제15회차)	Adjustment of Conversion Price (15th Series)
전환가액의조정(제25회차 CB)	Adjustment of Conversion Price (25th Convertible Bonds)
전환가액의조정(제25회차)	Adjustment of Conversion Price (25th Series)
전환가액의조정(제28회차)	Adjustment of Conversion Price (28th Series)
전환가액의조정(제29회차)	Adjustment of Conversion Price (29th Series)
전환가액의조정(제31회차)	Adjustment of Conversion Price (31st Series)
전환가액의조정(제32회차)	Adjustment of Conversion Price (32nd Series)
전환가액의조정(제33회차)	Adjustment of Conversion Price (33rd Series)
전환가액의조정(제36회차)	Adjustment of Conversion Price (36th Series)
전환사채(해외전환사채포함)발행후만기전사채취득	Acquisition Before Maturity of Convertible Bonds After Issuance, Including Overseas Convertible Bonds
전환사채(해외전환사채포함)발행후만기전사채취득(제15회차)	Acquisition Before Maturity of Convertible Bonds After Issuance (15th Series)
전환사채(해외전환사채포함)발행후만기전사채취득(제36회차)	Acquisition Before Maturity of Convertible Bonds After Issuance (36th Series)
전환사채발행결정	Decision to Issue Convertible Bonds
전환사채전환가액결정	Determination of Convertible Bond Conversion Price
전환청구권ㆍ신주인수권ㆍ교환청구권행사	Exercise of Conversion Rights, Warrants, or Exchange Rights
전환청구권행사	Exercise of Conversion Rights
전환청구권행사(제14회차)	Exercise of Conversion Rights (14th Series)
전환청구권행사(제23회차CB)	Exercise of Conversion Rights (23rd Convertible Bonds)
전환청구권행사(제24회차)	Exercise of Conversion Rights (24th Series)
전환청구권행사(제26회차)	Exercise of Conversion Rights (26th Series)
전환청구권행사(제7회차)	Exercise of Conversion Rights (7th Series)
전환청구권행사(최대주주변경)	Exercise of Conversion Rights (Change of Largest Shareholder)
정기주주총회결과((제24기))	Results of the Annual General Meeting of Shareholders (24th Fiscal Term)
정기주주총회결과(SK이노베이션 제 5차 정기 주주총회 결과)	Results of the Annual General Meeting of Shareholders (Fifth Annual General Meeting of SK Innovation)
정기주주총회결과(SK이노베이션 제6차 정기주주총회 결과)	Results of the Annual General Meeting of Shareholders (Sixth Annual General Meeting of SK Innovation)
정기주주총회결과(자회사의 주요경영사항)(SK에너지 제 1차 정기 주주총회 결과)	Results of the Annual General Meeting of Shareholders (Material Management Matter of Subsidiary SK Energy: First Annual General Meeting)
정기주주총회결과(자회사의 주요경영사항)(SK종합화학 제 1차 정기 주주총회 결과)	Results of the Annual General Meeting of Shareholders (Material Management Matter of Subsidiary SK Global Chemical: First Annual General Meeting)
정기주주총회결과(자회사의 주요경영사항)(자회사인 SK에너지의 제2차 정기주주총회 결과)	Results of the Annual General Meeting of Shareholders (Material Management Matter of Subsidiary SK Energy: Second Annual General Meeting)
정기주주총회결과(자회사의 주요경영사항)(자회사인 SK종합화학의 제2차 정기주주총회 결과)	Results of the Annual General Meeting of Shareholders (Material Management Matter of Subsidiary SK Global Chemical: Second Annual General Meeting)
정기주주총회결과(정기주주총회결과)	Results of the Annual General Meeting of Shareholders
정기주주총회결과(제 18기 정기주주총회 )	Results of the Annual General Meeting of Shareholders (18th Fiscal Term)
정기주주총회결과(제11기 NHN 정기주주총회)	Results of the Annual General Meeting of Shareholders (NHN 11th Fiscal Term)
정기주주총회결과(제15기 정기주주총회 결과)	Results of the Annual General Meeting of Shareholders (15th Fiscal Term)
정기주주총회결과(제16기 정기주주총회 결과)	Results of the Annual General Meeting of Shareholders (16th Fiscal Term)
정기주주총회결과(제17기 정기주주총회)	Results of the Annual General Meeting of Shareholders (17th Fiscal Term)
정기주주총회결과(제19기 정기주주총회)	Results of the Annual General Meeting of Shareholders (19th Fiscal Term)
정기주주총회결과(제25기)	Results of the Annual General Meeting of Shareholders (25th Fiscal Term)
정기주주총회결과(제26기)	Results of the Annual General Meeting of Shareholders (26th Fiscal Term)
정기주주총회결과(제28기)	Results of the Annual General Meeting of Shareholders (28th Fiscal Term)
정보보호현황	Information Security Status
정정신고서제출요구( 2026.06.25. 제출 증권신고서(합병) )	Request to File an Amended Registration Statement (Merger Registration Statement Filed on June 25, 2026)
정정신고서제출요구( 2026.06.30. 제출 증권신고서(지분증권) )	Request to File an Amended Registration Statement (Equity Securities Registration Statement Filed on June 30, 2026)
제품에대한수거ㆍ파기등결정	Decision to Recall or Destroy Products
조세범칙사건등에대한조사	Investigation of a Tax Offense or Similar Matter
조세범칙사건등에대한조사결과	Results of Investigation of a Tax Offense or Similar Matter
조회공시	Inquiry Disclosure
조회공시(풍문또는보도관련)	Inquiry Disclosure (Rumors or Media Reports)
조회공시(현저한시황변동관련)	Inquiry Disclosure (Unusual Market Price Movement)
조회공시요구(공정공시)에대한답변	Response to Inquiry Disclosure Request (Fair Disclosure)
조회공시요구(공정공시)에대한답변(부인)	Response to Inquiry Disclosure Request (Fair Disclosure: Denial)
조회공시요구(외부감사의견)	Inquiry Disclosure Request (External Audit Opinion)
조회공시요구(외부감사인의감사보고서상자본전액잠식)에대한답변	Response to Inquiry Disclosure Request Regarding Full Capital Impairment in the External Auditor's Report
조회공시요구(외부감사인의감사의견)에대한답변	Response to Inquiry Disclosure Request Regarding the External Auditor's Opinion
조회공시요구(자본전액잠식)	Inquiry Disclosure Request (Full Capital Impairment)
조회공시요구(풍문또는보도)	Inquiry Disclosure Request (Rumors or Media Reports)
조회공시요구(풍문또는보도)((주)바이오톡스텍 지분 인수설)	Inquiry Disclosure Request (Rumors or Media Reports: Proposed Acquisition of an Equity Interest in Biotoxtech)
조회공시요구(풍문또는보도)((주)에너지솔루션즈가 진행하는 제3자배정 유상증자 참여설)	Inquiry Disclosure Request (Rumors or Media Reports: Proposed Participation in a Third-Party Capital Increase by Energy Solutions)
조회공시요구(풍문또는보도)((주)포스그린, (주)포스칼슘과의 통합관련 보도)	Inquiry Disclosure Request (Rumors or Media Reports: Integration with POS Green and POS Calcium)
조회공시요구(풍문또는보도)(교환사채 발행 추진설)	Inquiry Disclosure Request (Rumors or Media Reports: Proposed Issuance of Exchangeable Bonds)
조회공시요구(풍문또는보도)(구글로의 피인수보도)	Inquiry Disclosure Request (Rumors or Media Reports: Acquisition by Google)
조회공시요구(풍문또는보도)(유가증권시장 이전상장 추진 보도)	Inquiry Disclosure Request (Rumors or Media Reports: Proposed Transfer Listing to the KOSPI Market)
조회공시요구(풍문또는보도)(자기주식 취득 관련 보도)	Inquiry Disclosure Request (Rumors or Media Reports: Treasury Share Acquisition)
조회공시요구(풍문또는보도)(자사주 소각설)	Inquiry Disclosure Request (Rumors or Media Reports: Cancellation of Treasury Shares)
조회공시요구(풍문또는보도)(전환사채 발행 추진 보도)	Inquiry Disclosure Request (Rumors or Media Reports: Proposed Issuance of Convertible Bonds)
조회공시요구(풍문또는보도)(최대주주 지분매각 추진설)	Inquiry Disclosure Request (Rumors or Media Reports: Proposed Sale of the Largest Shareholder's Interest)
조회공시요구(풍문또는보도)(최대주주의 지분매각보도)	Inquiry Disclosure Request (Rumors or Media Reports: Sale of the Largest Shareholder's Interest)
조회공시요구(풍문또는보도)(파운드리 사업부 분할설)	Inquiry Disclosure Request (Rumors or Media Reports: Proposed Spin-Off of the Foundry Business)
조회공시요구(풍문또는보도)(포스코이에스엠과 합병 추진설)	Inquiry Disclosure Request (Rumors or Media Reports: Proposed Merger with POSCO ESM)
조회공시요구(풍문또는보도)(화장품업체 인수관련 보도)	Inquiry Disclosure Request (Rumors or Media Reports: Acquisition of a Cosmetics Company)
조회공시요구(풍문또는보도)에대한답변(부인)	Response to Inquiry Disclosure Request Regarding Rumors or Media Reports (Denial)
조회공시요구(현저한시황변동)	Inquiry Disclosure Request (Unusual Market Price Movement)
조회공시요구(현저한시황변동)(주가급등)	Inquiry Disclosure Request (Unusual Market Price Movement: Sharp Price Increase)
조회공시요구(현저한시황변동)에대한답변	Response to Inquiry Disclosure Request Regarding Unusual Market Price Movement
조회공시요구(현저한시황변동)에대한답변(중요공시대상없음)	Response to Inquiry Disclosure Request Regarding Unusual Market Price Movement (No Material Matter to Disclose)
주권관련사채권의처분결정	Decision to Dispose of Share-Related Bonds
주권관련사채권의취득결정	Decision to Acquire Share-Related Bonds
주권매매거래정지	Trading Suspension of Shares
주권매매거래정지 (주식의 병합, 분할 등 전자등록 변경, 말소)	Trading Suspension of Shares (Electronic Registration Change or Cancellation Due to Share Consolidation or Split)
주권매매거래정지(구주권 제출)	Trading Suspension of Shares (Submission of Existing Share Certificates)
주권매매거래정지(구주권제출)	Trading Suspension of Shares (Submission of Existing Share Certificates)
주권매매거래정지(단일판매공급계약)	Trading Suspension of Shares (Single Sales or Supply Contract)
주권매매거래정지(에이치엘비(주) 1우선주 상장폐지 사유발생)	Trading Suspension of Shares (Occurrence of Grounds for Delisting HLB First Preferred Shares)
주권매매거래정지(우회상장여부 및 요건충족확인)	Trading Suspension of Shares (Review of Backdoor Listing Status and Requirements)
주권매매거래정지(자본감소)	Trading Suspension of Shares (Capital Reduction)
주권매매거래정지(주식의 병합, 분할 등 전자등록 변경, 말소)	Trading Suspension of Shares (Electronic Registration Change or Cancellation Due to Share Consolidation or Split)
주권매매거래정지기간변경	Change in Share Trading Suspension Period
주권매매거래정지예고	Advance Notice of Share Trading Suspension
주권매매거래정지해제	Lifting of Share Trading Suspension
주권매매거래정지해제 (액면분할 주권 변경상장)	Lifting of Share Trading Suspension (Listing Change Following Stock Split)
주권매매거래정지해제(감자 주권 변경상장)	Lifting of Share Trading Suspension (Listing Change Following Capital Reduction)
주권매매거래정지해제(액면분할 주권 변경상장)	Lifting of Share Trading Suspension (Listing Change Following Stock Split)
주권매매거래정지해제(우회상장 미해당)	Lifting of Share Trading Suspension (Not a Backdoor Listing)
주권매매거래정지해제(우회상장 해당 확인)	Lifting of Share Trading Suspension (Confirmed as a Backdoor Listing)
주권매매거래정지해제(우회상장)	Lifting of Share Trading Suspension (Backdoor Listing)
주식교환ㆍ이전결정	Decision on Share Exchange or Transfer
주식교환ㆍ이전신고서	Share Exchange or Transfer Report
주식교환ㆍ이전종료보고서	Share Exchange or Transfer Completion Report
주식매수선택권부여	Grant of Stock Options
주식매수선택권부여계획서	Stock Option Grant Plan
주식매수선택권부여주주총회를위한이사회결의	Board Resolution to Convene a General Meeting for Grant of Stock Options
주식매수선택권부여주총특별결의보고서	Report on Special Resolution of the General Meeting to Grant Stock Options
주식매수선택권부여취소등결의	Resolution to Cancel or Otherwise Modify a Stock Option Grant
주식매수선택권행사	Exercise of Stock Options
주식배당결정	Stock Dividend Decision
주식병합결정	Decision on Share Consolidation
주식분할결정	Decision on Stock Split
주식소각결정 (기보유 자기주식)	Decision to Cancel Shares (Treasury Shares Already Held)
주식소각결정(자회사의 주요경영사항)(SK인천석유화학 전환상환우선주의 상환 및 소각)	Decision to Cancel Shares (Material Management Matter of Subsidiary SK Incheon Petrochem: Redemption and Cancellation of Redeemable Convertible Preferred Shares)
주식소각결정(자회사의 주요경영사항)(메리츠증권)	Decision to Cancel Shares (Material Management Matter of Subsidiary Meritz Securities)
주식소각완료(자본감소의경우)	Completion of Share Cancellation (Capital Reduction)
주식소각을위한자기주식취득완료또는취득기간종료	Completion of Treasury Share Acquisition for Cancellation or Expiration of Acquisition Period
주식예탁증서(DR)발행결정	Decision to Issue Depositary Receipts (DRs)
주식예탁증서(DR)발행완료	Completion of Depositary Receipt (DR) Issuance
주요사항보고서(감자결정)	Material Event Report (Capital Reduction Decision)
주요사항보고서(교환사채권발행결정)	Material Event Report (Decision to Issue Exchangeable Bonds)
주요사항보고서(무상증자결정)	Material Event Report (Bonus Issue Decision)
주요사항보고서(분할(분할합병)결정)	Material Event Report (Decision on Spin-Off or Split-Off Merger)
주요사항보고서(소송등의제기)	Material Event Report (Filing of Litigation or Similar Proceeding)
주요사항보고서(신주인수권부사채권발행결정)	Material Event Report (Decision to Issue Bonds with Warrants)
주요사항보고서(유무상증자결정)	Material Event Report (Decision on Capital Increase With and Without Consideration)
주요사항보고서(유상증자결정)	Material Event Report (Capital Increase with Consideration Decision)
주요사항보고서(유상증자결정)(자회사의 주요경영사항) (주주배정후 실권주 일반공모)	Material Event Report (Capital Increase with Consideration Decision; Material Management Matter of a Subsidiary; Public Offering of Unsubscribed Shares after Shareholder Allocation)
주요사항보고서(유형자산양도결정)	Material Event Report (Decision to Transfer Tangible Assets)
주요사항보고서(유형자산양수결정)	Material Event Report (Decision to Acquire Tangible Assets)
주요사항보고서(자기주식처분결정)(자회사의 주요경영사항)(SK이노베이션)	Material Event Report (Decision to Dispose of Treasury Shares; Material Management Matter of Subsidiary SK Innovation)
주요사항보고서(자기주식처분결정)(자회사의 주요경영사항)(SK텔레콤)	Material Event Report (Decision to Dispose of Treasury Shares; Material Management Matter of Subsidiary SK Telecom)
주요사항보고서(자기주식처분결정)(자회사의 주요경영사항)(메리츠증권)	Material Event Report (Decision to Dispose of Treasury Shares; Material Management Matter of Subsidiary Meritz Securities)
주요사항보고서(자기주식취득신탁계약해지결정)(자회사의 주요경영사항)(메리츠증권)	Material Event Report (Decision to Terminate a Treasury Share Trust Agreement; Material Management Matter of Subsidiary Meritz Securities)
주요사항보고서(자본으로인정되는채무증권발행결정)	Material Event Report (Decision to Issue Debt Securities Recognized as Capital)
주요사항보고서(전환사채권발행결정)(자회사의 주요경영사항)(제5회차)	Material Event Report (Decision to Issue Convertible Bonds; Material Management Matter of a Subsidiary; Series 5)
주요사항보고서(중요한영업양수도결정)	Material Event Report (Decision on Transfer or Acquisition of a Material Business)
주요사항보고서(중요한자산양수도결정(기타))	Material Event Report (Decision on Transfer or Acquisition of Material Assets: Other)
주요사항보고서(해산사유발생)	Material Event Report (Occurrence of Grounds for Dissolution)
주요사항보고서(해외증권시장주권등상장)	Material Event Report (Listing of Shares or Similar Securities on an Overseas Securities Market)
주요사항보고서(해외증권시장주권등상장결정)	Material Event Report (Decision to List Shares or Similar Securities on an Overseas Securities Market)
주요사항보고서(해외증권시장주권등상장폐지)	Material Event Report (Delisting of Shares or Similar Securities from an Overseas Securities Market)
주요사항보고서(해외증권시장주권등상장폐지결정)	Material Event Report (Decision to Delist Shares or Similar Securities from an Overseas Securities Market)
주요사항보고서(회사합병결정)(자회사의 주요경영사항) (소규모합병)	Material Event Report (Company Merger Decision; Material Management Matter of a Subsidiary; Small-Scale Merger)
주요주주변경	Change of Major Shareholder
주주총회소집결의 (임시주주총회)	Resolution to Convene an Extraordinary General Meeting of Shareholders
주주총회소집결의 (정기주주총회)	Resolution to Convene an Annual General Meeting of Shareholders
주주총회소집결의(임시주주총회)	Resolution to Convene an Extraordinary General Meeting of Shareholders
주주총회특별결의에의한주식매수선택권부여	Grant of Stock Options by Special Resolution of the General Meeting of Shareholders
주총결의사항에관한주주총회결정	Decision to Convene a General Meeting Regarding Shareholder Resolutions
중대재해발생	Occurrence of a Serious Accident
증권관련집단소송관련소취하등허가신청에대한결정	Decision on Application for Permission to Withdraw or Otherwise Resolve a Securities-Related Class Action
증권관련집단소송의제기ㆍ소송허가신청	Filing of a Securities-Related Class Action and Application for Litigation Permission
증권관련집단소송의제기ㆍ소송허가신청(거래소공시)	Filing of a Securities-Related Class Action and Application for Litigation Permission (Exchange Disclosure)
증권관련집단소송의제기ㆍ소송허가신청(거래소공시) (자회사 한국투자증권(주))	Filing of a Securities-Related Class Action and Application for Litigation Permission (Exchange Disclosure; Subsidiary Korea Investment & Securities Co., Ltd.)
증권대여결정	Decision to Lend Securities
증권발행결과	Securities Issuance Results
증권발행결과(자율공시) (제38회차 CB)	Securities Issuance Results (Voluntary Disclosure; Series 38 Convertible Bonds)
증권발행결과(자율공시) (제39회)	Securities Issuance Results (Voluntary Disclosure; Series 39)
증권발행결과(자율공시)(국내사모 CB)	Securities Issuance Results (Voluntary Disclosure; Domestic Private Placement Convertible Bonds)
증권발행결과(자율공시)(에이치엘비(주) 제35회 무기명식 무보증 사모 비분리형 신주인수권부사채)	Securities Issuance Results (Voluntary Disclosure; HLB Co., Ltd. Series 35 Bearer Unsecured Private Placement Non-Separable Bonds with Warrants)
증권발행결과(자율공시)(제18회차EB)	Securities Issuance Results (Voluntary Disclosure; Series 18 Exchangeable Bonds)
증권발행결과(자율공시)(제21회차 국내사모 BW)	Securities Issuance Results (Voluntary Disclosure; Series 21 Domestic Private Placement Bonds with Warrants)
증권발행결과(자율공시)(제22회차 국내사모 CB)	Securities Issuance Results (Voluntary Disclosure; Series 22 Domestic Private Placement Convertible Bonds)
증권발행결과(자율공시)(제24회 국내사모 전환사채)	Securities Issuance Results (Voluntary Disclosure; Series 24 Domestic Private Placement Convertible Bonds)
증권발행결과(자율공시)(제25회차 CB)	Securities Issuance Results (Voluntary Disclosure; Series 25 Convertible Bonds)
증권발행결과(자율공시)(제26회차 CB)	Securities Issuance Results (Voluntary Disclosure; Series 26 Convertible Bonds)
증권발행결과(자율공시)(제27회차 교환사채)	Securities Issuance Results (Voluntary Disclosure; Series 27 Exchangeable Bonds)
증권발행결과(자율공시)(제31회차 CB)	Securities Issuance Results (Voluntary Disclosure; Series 31 Convertible Bonds)
증권발행결과(자율공시)(제32회차 CB)	Securities Issuance Results (Voluntary Disclosure; Series 32 Convertible Bonds)
증권발행결과(자율공시)(제33회차 CB)	Securities Issuance Results (Voluntary Disclosure; Series 33 Convertible Bonds)
증권발행결과(자율공시)(제36회차 CB)	Securities Issuance Results (Voluntary Disclosure; Series 36 Convertible Bonds)
증권발행결과(자율공시)(제37회차 BW)	Securities Issuance Results (Voluntary Disclosure; Series 37 Bonds with Warrants)
증권발행결과(자율공시)(제3자배정 유상증자)	Securities Issuance Results (Voluntary Disclosure; Third-Party Allotment Capital Increase with Consideration)
증권발행결과(자율공시)(주주배정 유상증자)	Securities Issuance Results (Voluntary Disclosure; Shareholder-Allotted Capital Increase with Consideration)
증권예탁증권(DR)발행결정	Decision to Issue Depositary Receipts (DRs)
증여	Gift
지배회사의주요종속회사탈퇴	Removal of a Major Subsidiary of the Controlling Company
지주회사의연결재무제표에대한감사보고서	Audit Report on the Holding Company's Consolidated Financial Statements
지주회사의자회사편입ㆍ탈퇴	Addition or Removal of a Subsidiary of a Holding Company
집중투표제도도입ㆍ배제결정	Decision to Adopt or Exclude Cumulative Voting
차입계약체결	Execution of a Borrowing Agreement
채권금융기관공동관리해제	Termination of Joint Management by Creditor Financial Institutions
채권은행등의관리절차개시(기업구조조정촉진법에해당하지않는경우)	Commencement of Management Proceedings by Creditor Banks or Similar Institutions (Not Subject to the Corporate Restructuring Promotion Act)
채권은행등의관리절차개시신청	Application to Commence Management Proceedings by Creditor Banks or Similar Institutions
채권은행등의관리절차해제	Termination of Management Proceedings by Creditor Banks or Similar Institutions
채무면제결정	Decision to Forgive Debt
채무인수결정	Decision to Assume Debt
철회신고서	Withdrawal Statement
최근사업연도대비경상손실의100분의30이상(대규모법인의경우100분의15이상)감소사실	Decrease of 30% or More in Ordinary Loss Compared with the Latest Fiscal Year (15% or More for Large Corporations)
최근사업연도대비경상손실의100분의30이상(대규모법인의경우100분의15이상)증가사실	Increase of 30% or More in Ordinary Loss Compared with the Latest Fiscal Year (15% or More for Large Corporations)
최근사업연도대비경상손익의100분의30이상(대규모법인의경우100분의15이상)감소사실	Decrease of 30% or More in Ordinary Profit or Loss Compared with the Latest Fiscal Year (15% or More for Large Corporations)
최근사업연도대비경상손익의100분의30이상(대규모법인의경우100분의15이상)증가사실	Increase of 30% or More in Ordinary Profit or Loss Compared with the Latest Fiscal Year (15% or More for Large Corporations)
최근사업연도대비경상이익의100분의30이상(대규모법인의경우100분의15이상)감소사실	Decrease of 30% or More in Ordinary Profit Compared with the Latest Fiscal Year (15% or More for Large Corporations)
최근사업연도대비당기순손실의100분의30이상(대규모법인의경우100분의15이상)감소사실	Decrease of 30% or More in Net Loss Compared with the Latest Fiscal Year (15% or More for Large Corporations)
최근사업연도대비당기순손실의100분의30이상(대규모법인의경우100분의15이상)증가사실	Increase of 30% or More in Net Loss Compared with the Latest Fiscal Year (15% or More for Large Corporations)
최근사업연도대비당기순손익의100분의30이상(대규모법인의경우100분의15이상)감소사실	Decrease of 30% or More in Net Profit or Loss Compared with the Latest Fiscal Year (15% or More for Large Corporations)
최근사업연도대비당기순손익의100분의30이상(대규모법인의경우100분의15이상)증가사실	Increase of 30% or More in Net Profit or Loss Compared with the Latest Fiscal Year (15% or More for Large Corporations)
최근사업연도대비당기순이익의100분의30이상(대규모법인의경우100분의15이상)감소사실	Decrease of 30% or More in Net Profit Compared with the Latest Fiscal Year (15% or More for Large Corporations)
최근사업연도대비매출액의100분의10이상(대규모법인의경우100분의5이상)감소사실	Decrease of 10% or More in Revenue Compared with the Latest Fiscal Year (5% or More for Large Corporations)
최근사업연도대비배당액의100분의20이상(대규모법인의경우100분의10이상)감소사실	Decrease of 20% or More in Dividends Compared with the Latest Fiscal Year (10% or More for Large Corporations)
최근사업연도대비배당액의100분의20이상(대규모법인의경우100분의10이상)증가사실	Increase of 20% or More in Dividends Compared with the Latest Fiscal Year (10% or More for Large Corporations)
최대주주등과의거래	Transaction with the Largest Shareholder or Related Parties
최대주주등과의기타거래	Other Transaction with the Largest Shareholder or Related Parties
최대주주등과의부동산매도	Sale of Real Estate to the Largest Shareholder or Related Parties
최대주주등과의부동산매수	Purchase of Real Estate from the Largest Shareholder or Related Parties
최대주주등과의영업양도	Transfer of Business to the Largest Shareholder or Related Parties
최대주주등과의영업양수	Acquisition of Business from the Largest Shareholder or Related Parties
최대주주등과의유가증권매도	Sale of Securities to the Largest Shareholder or Related Parties
최대주주등과의유가증권매수	Purchase of Securities from the Largest Shareholder or Related Parties
최대주주등과의자산양도	Transfer of Assets to the Largest Shareholder or Related Parties
최대주주등과의자산양수	Acquisition of Assets from the Largest Shareholder or Related Parties
최대주주등과의장기공급계약체결	Execution of a Long-Term Supply Agreement with the Largest Shareholder or Related Parties
최대주주등소유주식변동신고서(최대주주등소유주식변동신고서)	Report on Changes in Shares Held by the Largest Shareholder or Related Parties
최대주주등에게출자한지분의처분	Disposal of Equity Interests Invested in the Largest Shareholder or Related Parties
최대주주등에대한금전가지급및금전ㆍ유가증권대여	Advance Payment and Lending of Money or Securities to the Largest Shareholder or Related Parties
최대주주등에대한부동산매도	Sale of Real Estate to the Largest Shareholder or Related Parties
최대주주등에대한영업양도	Transfer of Business to the Largest Shareholder or Related Parties
최대주주등에대한자산양도	Transfer of Assets to the Largest Shareholder or Related Parties
최대주주등에대한출자지분의처분	Disposal of Equity Interests Held in the Largest Shareholder or Related Parties
최대주주등으로부터부동산매수	Purchase of Real Estate from the Largest Shareholder or Related Parties
최대주주등으로부터영업양수	Acquisition of Business from the Largest Shareholder or Related Parties
최대주주등으로부터자산양수	Acquisition of Assets from the Largest Shareholder or Related Parties
최대주주등을위한금전의대여	Lending of Money for the Largest Shareholder or Related Parties
최대주주등을위한담보제공	Provision of Collateral for the Largest Shareholder or Related Parties
최대주주등의주식보유변동	Change in Shareholdings of the Largest Shareholder or Related Parties
최대주주또는주요주주변경	Change of the Largest Shareholder or a Major Shareholder
최대주주변경을수반하는주식담보제공계약체결	Execution of a Share Pledge Agreement Accompanying a Change of the Largest Shareholder
최대주주변경을수반하는주식담보제공계약해제ㆍ취소등	Release, Cancellation, or Similar Action Regarding a Share Pledge Agreement Accompanying a Change of the Largest Shareholder
최대주주의주식보유현황등소유지배구조관련현황	Ownership and Control Structure, Including Shareholdings of the Largest Shareholder
출자법인부도ㆍ해산사유등발생	Occurrence of Default, Grounds for Dissolution, or Similar Event at an Investee Company
출자법인의부도등발생	Occurrence of Default or Similar Event at an Investee Company
출자법인의분할ㆍ분할합병	Spin-Off or Split-Off Merger of an Investee Company
출자법인의영업양도결정	Decision by an Investee Company to Transfer a Business
출자법인의영업양수결정	Decision by an Investee Company to Acquire a Business
출자법인의합병	Merger of an Investee Company
출자법인의해산사유발생	Occurrence of Grounds for Dissolution at an Investee Company
출자법인회생절차및파산관련결정	Decision Concerning Rehabilitation or Bankruptcy Proceedings of an Investee Company
출자법인회생절차및파산관련신청	Application Concerning Rehabilitation or Bankruptcy Proceedings of an Investee Company
출자비상장법인부도등발생	Occurrence of Default or Similar Event at an Unlisted Investee Company
출자비상장법인회생절차개시등결정	Decision to Commence Rehabilitation Proceedings or Similar Action at an Unlisted Investee Company
출자상호저축은행분기재무제표확정	Finalization of Quarterly Financial Statements of an Investee Mutual Savings Bank
타법인주식및출자증권양도결정	Decision to Transfer Shares or Equity Securities of Another Company
타법인주식및출자증권취득결정(자율공시)(인니 바얀리소스사 지분인수를 통한 유연탄 확보)	Decision to Acquire Shares or Equity Securities of Another Company (Voluntary Disclosure; Securing Bituminous Coal through Acquisition of an Equity Interest in Indonesia's Bayan Resources)
타법인주식및출자증권취득결정(자율공시)(인도네시아 담배회사 인수보도에 대한 조회공시 답변)	Decision to Acquire Shares or Equity Securities of Another Company (Voluntary Disclosure; Response to Inquiry Regarding Reports of an Indonesian Tobacco Company Acquisition)
타법인주식및출자증권취득결정(자회사의 주요경영사항)(SK이노베이션의 자회사인 SK루브리컨츠의 공시 내용임)	Decision to Acquire Shares or Equity Securities of Another Company (Material Management Matter of SK Innovation Subsidiary SK Lubricants)
타법인주식및출자증권취득결정(자회사의 주요경영사항)(SK이노베이션의 자회사인 SK종합화학의 공시사항임)	Decision to Acquire Shares or Equity Securities of Another Company (Material Management Matter of SK Innovation Subsidiary SK Global Chemical)
타법인주식및출자증권취득결정(자회사의 주요경영사항)(에스케이온)	Decision to Acquire Shares or Equity Securities of Another Company (Material Management Matter of Subsidiary SK On)
타법인주식및출자증권취득결정(자회사의 주요경영사항)(자회사인 SK종합화학의 수시공시 사항임)	Decision to Acquire Shares or Equity Securities of Another Company (Ad Hoc Disclosure by Subsidiary SK Global Chemical)
타법인주식및출자증권취득결정(자회사의 주요경영사항)(주요 자회사인 SK종합화학의 공시사항임)	Decision to Acquire Shares or Equity Securities of Another Company (Disclosure by Major Subsidiary SK Global Chemical)
타법인주식및출자증권취득결정(종속회사의주요경영사항)(LG Energy Solution Michigan)	Decision to Acquire Shares or Equity Securities of Another Company (Material Management Matter of Subsidiary LG Energy Solution Michigan)
타법인주식의처분	Disposal of Shares in Another Company
타법인주식의취득	Acquisition of Shares in Another Company
타법인출자(주식및주식관련유가증권의취득)	Investment in Another Company (Acquisition of Shares and Share-Related Securities)
타인에대한금전대여결정	Decision to Lend Money to Another Party
타인에대한담보제공결정	Decision to Provide Collateral for Another Party
타인에대한채무면제결정	Decision to Forgive Another Party's Debt
타인을위한채무보증결정	Decision to Provide a Debt Guarantee for Another Party
투자설명서	Investment Prospectus
투자유의안내	Investor Caution Notice
투자유의안내(1우선주 관리종목지정 우려예고)	Investor Caution Notice (Advance Notice of Potential Administrative Issue Designation for First Preferred Shares)
투자유의안내(1우선주 상장주식수 미달 관련)	Investor Caution Notice (Insufficient Number of Listed First Preferred Shares)
투자유의안내(관리종목 지정 우려)	Investor Caution Notice (Potential Administrative Issue Designation)
투자유의안내(기아자동차 1WR 상장폐지 예고)	Investor Caution Notice (Advance Notice of Delisting of Kia Motors 1WR)
투자유의안내(두산중공업 1WR의 신주인수권 행사기간 만료 및 상장폐지 예고)	Investor Caution Notice (Expiration of Warrant Exercise Period and Advance Notice of Delisting of Doosan Heavy Industries 1WR)
투자유의안내(두산중공업 2WR의 신주인수권 행사기간 만료 및 상장폐지 예고)	Investor Caution Notice (Expiration of Warrant Exercise Period and Advance Notice of Delisting of Doosan Heavy Industries 2WR)
투자유의안내(삼성중공업(주) 1우선주 상장폐지 우려 예고)	Investor Caution Notice (Advance Notice of Potential Delisting of Samsung Heavy Industries Co., Ltd. First Preferred Shares)
투자유의안내(현대모비스1우선주 관리종목 지정우려)	Investor Caution Notice (Potential Administrative Issue Designation for Hyundai Mobis First Preferred Shares)
투자유의안내(현대모비스1우선주 관리종목지정 우려)	Investor Caution Notice (Potential Administrative Issue Designation for Hyundai Mobis First Preferred Shares)
투자유의안내(현대모비스1우선주 상장폐지 우려)	Investor Caution Notice (Potential Delisting of Hyundai Mobis First Preferred Shares)
투자유의안내(현대상선 1WR의 신주인수권행사기간 만료 및 상장폐지 예고)	Investor Caution Notice (Expiration of Warrant Exercise Period and Advance Notice of Delisting of Hyundai Merchant Marine 1WR)
투자판단관련주요경영사항 (ALT-B4 관련 마일스톤 기술료 수령)	Material Management Matter Related to Investment Decisions (Receipt of Milestone Payment Related to ALT-B4)
투자판단관련주요경영사항 (ALT-BB4(Tergase)테르가제주 품목 허가 승인)	Material Management Matter Related to Investment Decisions (Marketing Authorization Approval for ALT-BB4 Tergase Injection)
투자판단관련주요경영사항 (ALTB4 라이선스 계약 관련 마일스톤 기술료 수령)	Material Management Matter Related to Investment Decisions (Receipt of Milestone Payment under the ALT-B4 License Agreement)
투자판단관련주요경영사항 (CT-P13 SC(램시마 피하주사 제형) 유럽 임상 3상 시험계획 신청(Part 1) (궤양성 대장염 소아 환자))	Material Management Matter Related to Investment Decisions (European Phase 3 Clinical Trial Application, Part 1, for CT-P13 SC, Subcutaneous Remsima, in Pediatric Ulcerative Colitis Patients)
투자판단관련주요경영사항 (CT-P13 SC(램시마 피하주사 제형) 유럽 임상 3상 시험계획 신청(Part 1) (크론병 소아 환자))	Material Management Matter Related to Investment Decisions (European Phase 3 Clinical Trial Application, Part 1, for CT-P13 SC, Subcutaneous Remsima, in Pediatric Crohn's Disease Patients)
투자판단관련주요경영사항 (CT-P13 SC램시마 피하주사 제형 유럽 임상 3상 시험계획 승인Part 1 궤양성 대장염 소아 환자)	Material Management Matter Related to Investment Decisions (European Phase 3 Clinical Trial Authorization, Part 1, for CT-P13 SC, Subcutaneous Remsima, in Pediatric Ulcerative Colitis Patients)
투자판단관련주요경영사항 (CT-P13 SC램시마 피하주사 제형 유럽 임상 3상 시험계획 승인Part 1 크론병 소아 환자)	Material Management Matter Related to Investment Decisions (European Phase 3 Clinical Trial Authorization, Part 1, for CT-P13 SC, Subcutaneous Remsima, in Pediatric Crohn's Disease Patients)
투자판단관련주요경영사항 (CT-P13 SC짐펜트라 미국 임상 3상 시험계획 신청 류마티스 관절염 환자)	Material Management Matter Related to Investment Decisions (U.S. Phase 3 Clinical Trial Application for CT-P13 SC Zymfentra in Rheumatoid Arthritis Patients)
투자판단관련주요경영사항 (CT-P39(졸레어 바이오시밀러) 미국 품목허가 신청)	Material Management Matter Related to Investment Decisions (U.S. Marketing Authorization Application for CT-P39, a Xolair Biosimilar)
투자판단관련주요경영사항 (CT-P39(졸레어 바이오시밀러) 유럽의약품청(EMA) 산하 약물사용자문위원회(CHMP) 판매 승인 권고 획득)	Material Management Matter Related to Investment Decisions (CHMP Recommendation for Marketing Authorization of CT-P39, a Xolair Biosimilar)
투자판단관련주요경영사항 (CT-P41(프롤리아&엑스지바 바이오시밀러) 유럽 품목허가 신청)	Material Management Matter Related to Investment Decisions (European Marketing Authorization Application for CT-P41, a Prolia and Xgeva Biosimilar)
투자판단관련주요경영사항 (CT-P43스텔라라 바이오시밀러 유럽의약품청EMA 산하 약물사용자문위원회CHMP 판매 승인 권고 획득)	Material Management Matter Related to Investment Decisions (CHMP Recommendation for Marketing Authorization of CT-P43, a Stelara Biosimilar)
투자판단관련주요경영사항 (CT-P47(로악템라 바이오시밀러) 유럽 품목허가 신청)	Material Management Matter Related to Investment Decisions (European Marketing Authorization Application for CT-P47, a RoActemra Biosimilar)
투자판단관련주요경영사항 (CT-P47(악템라 바이오시밀러) 한국 품목허가 신청)	Material Management Matter Related to Investment Decisions (Korean Marketing Authorization Application for CT-P47, an Actemra Biosimilar)
투자판단관련주요경영사항 (CT-P51키트루다 바이오시밀러 미국 임상 3상 시험계획 신청)	Material Management Matter Related to Investment Decisions (U.S. Phase 3 Clinical Trial Application for CT-P51, a Keytruda Biosimilar)
투자판단관련주요경영사항 (CT-P55코센틱스 바이오시밀러 미국 임상 3상 시험계획 신청)	Material Management Matter Related to Investment Decisions (U.S. Phase 3 Clinical Trial Application for CT-P55, a Cosentyx Biosimilar)
투자판단관련주요경영사항 (CTP13 SC(램시마 피하주사 제형) 한국 임상 3상 시험계획 승인(궤양성 대장염 소아 환자))	Material Management Matter Related to Investment Decisions (Korean Phase 3 Clinical Trial Authorization for CT-P13 SC, Subcutaneous Remsima, in Pediatric Ulcerative Colitis Patients)
투자판단관련주요경영사항 (CTP13 SC(램시마 피하주사 제형) 한국 임상 3상 시험계획 승인(크론병 소아 환자))	Material Management Matter Related to Investment Decisions (Korean Phase 3 Clinical Trial Authorization for CT-P13 SC, Subcutaneous Remsima, in Pediatric Crohn's Disease Patients)
투자판단관련주요경영사항 (CTP13 SC(램시마 피하주사 제형) 한국 임상 3상 시험계획 신청 (궤양성 대장염 소아 환자))	Material Management Matter Related to Investment Decisions (Korean Phase 3 Clinical Trial Application for CT-P13 SC, Subcutaneous Remsima, in Pediatric Ulcerative Colitis Patients)
투자판단관련주요경영사항 (CTP13 SC(램시마 피하주사 제형) 한국 임상 3상 시험계획 신청 (크론병 소아 환자))	Material Management Matter Related to Investment Decisions (Korean Phase 3 Clinical Trial Application for CT-P13 SC, Subcutaneous Remsima, in Pediatric Crohn's Disease Patients)
투자판단관련주요경영사항 (CTP13 SC(짐펜트라) 미국 임상 3상 시험계획 승인 (류마티스 관절염 환자))	Material Management Matter Related to Investment Decisions (U.S. Phase 3 Clinical Trial Authorization for CT-P13 SC Zymfentra in Rheumatoid Arthritis Patients)
투자판단관련주요경영사항 (CTP13 SC(짐펜트라) 미국 임상 3상 시험계획 신청 (류마티스 관절염 환자))	Material Management Matter Related to Investment Decisions (U.S. Phase 3 Clinical Trial Application for CT-P13 SC Zymfentra in Rheumatoid Arthritis Patients)
투자판단관련주요경영사항 (CTP13 SC(짐펜트라) 유럽 임상 3상 시험계획 승인(Part1&2) (류마티스 관절염 환자))	Material Management Matter Related to Investment Decisions (European Phase 3 Clinical Trial Authorization, Parts 1 and 2, for CT-P13 SC Zymfentra in Rheumatoid Arthritis Patients)
투자판단관련주요경영사항 (CTP13 SC(짐펜트라) 유럽 임상 3상 시험계획 신청(Part1&2) (류마티스 관절염 환자))	Material Management Matter Related to Investment Decisions (European Phase 3 Clinical Trial Application, Parts 1 and 2, for CT-P13 SC Zymfentra in Rheumatoid Arthritis Patients)
투자판단관련주요경영사항 (CTP13 SC(짐펜트라) 한국 임상 3상 시험계획 신청(류마티스 관절염 환자))	Material Management Matter Related to Investment Decisions (Korean Phase 3 Clinical Trial Application for CT-P13 SC Zymfentra in Rheumatoid Arthritis Patients)
투자판단관련주요경영사항 (CTP41(프롤리아&엑스지바 바이오시밀러) 유럽의약품청(EMA) 산하 약물사용자문위원회(CHMP) 판매 승인 권고 획득)	Material Management Matter Related to Investment Decisions (CHMP Recommendation for Marketing Authorization of CT-P41, a Prolia and Xgeva Biosimilar)
투자판단관련주요경영사항 (CTP42(아일리아 바이오시밀러) 유럽의약품청(EMA) 산하 약물사용자문위원회(CHMP) 판매 승인 권고 획득)	Material Management Matter Related to Investment Decisions (CHMP Recommendation for Marketing Authorization of CT-P42, an Eylea Biosimilar)
투자판단관련주요경영사항 (CTP44(다잘렉스 바이오시밀러) 미국 임상 3상 시험계획 승인)	Material Management Matter Related to Investment Decisions (U.S. Phase 3 Clinical Trial Authorization for CT-P44, a Darzalex Biosimilar)
투자판단관련주요경영사항 (CTP44(다잘렉스 바이오시밀러) 미국 임상 3상 시험계획 신청)	Material Management Matter Related to Investment Decisions (U.S. Phase 3 Clinical Trial Application for CT-P44, a Darzalex Biosimilar)
투자판단관련주요경영사항 (CTP44(다잘렉스 바이오시밀러) 유럽 임상 3상 시험계획 변경신청(Part1&2))	Material Management Matter Related to Investment Decisions (European Phase 3 Clinical Trial Amendment Application, Parts 1 and 2, for CT-P44, a Darzalex Biosimilar)
투자판단관련주요경영사항 (CTP44(다잘렉스 바이오시밀러) 유럽 임상 3상 시험계획 승인(Part2))	Material Management Matter Related to Investment Decisions (European Phase 3 Clinical Trial Authorization, Part 2, for CT-P44, a Darzalex Biosimilar)
투자판단관련주요경영사항 (CTP44(다잘렉스 바이오시밀러) 유럽 임상 3상 시험계획 신청(Part1))	Material Management Matter Related to Investment Decisions (European Phase 3 Clinical Trial Application, Part 1, for CT-P44, a Darzalex Biosimilar)
투자판단관련주요경영사항 (CTP44(다잘렉스 바이오시밀러) 유럽 임상 3상 시험계획 신청(Part2))	Material Management Matter Related to Investment Decisions (European Phase 3 Clinical Trial Application, Part 2, for CT-P44, a Darzalex Biosimilar)
투자판단관련주요경영사항 (CTP44(다잘렉스 바이오시밀러) 유럽 임상 3상 시험계획 심사통과 (Part1))	Material Management Matter Related to Investment Decisions (European Phase 3 Clinical Trial Review Clearance, Part 1, for CT-P44, a Darzalex Biosimilar)
투자판단관련주요경영사항 (CTP44(다잘렉스 바이오시밀러) 한국 임상 3상 시험계획 변경신청)	Material Management Matter Related to Investment Decisions (Korean Phase 3 Clinical Trial Amendment Application for CT-P44, a Darzalex Biosimilar)
투자판단관련주요경영사항 (CTP44(다잘렉스 바이오시밀러) 한국 임상 3상 시험계획 승인)	Material Management Matter Related to Investment Decisions (Korean Phase 3 Clinical Trial Authorization for CT-P44, a Darzalex Biosimilar)
투자판단관련주요경영사항 (CTP44(다잘렉스 바이오시밀러) 한국 임상 3상 시험계획 신청)	Material Management Matter Related to Investment Decisions (Korean Phase 3 Clinical Trial Application for CT-P44, a Darzalex Biosimilar)
투자판단관련주요경영사항 (CTP47(로악템라 바이오시밀러) 유럽의약품청(EMA) 산하 약물사용자문위원회(CHMP) 판매 승인 권고 획득)	Material Management Matter Related to Investment Decisions (CHMP Recommendation for Marketing Authorization of CT-P47, a RoActemra Biosimilar)
투자판단관련주요경영사항 (CTP51(키트루다 바이오시밀러) 미국 임상 3상 시험계획 변경신청)	Material Management Matter Related to Investment Decisions (U.S. Phase 3 Clinical Trial Amendment Application for CT-P51, a Keytruda Biosimilar)
투자판단관련주요경영사항 (CTP51(키트루다 바이오시밀러) 미국 임상 3상 시험계획 승인)	Material Management Matter Related to Investment Decisions (U.S. Phase 3 Clinical Trial Authorization for CT-P51, a Keytruda Biosimilar)
투자판단관련주요경영사항 (CTP51(키트루다 바이오시밀러) 유럽 임상 3상 시험계획 승인(Part1&2))	Material Management Matter Related to Investment Decisions (European Phase 3 Clinical Trial Authorization, Parts 1 and 2, for CT-P51, a Keytruda Biosimilar)
투자판단관련주요경영사항 (CTP51(키트루다 바이오시밀러) 유럽 임상 3상 시험계획 신청(Part 1&2))	Material Management Matter Related to Investment Decisions (European Phase 3 Clinical Trial Application, Parts 1 and 2, for CT-P51, a Keytruda Biosimilar)
투자판단관련주요경영사항 (CTP51(키트루다 바이오시밀러) 유럽 임상 3상 조기종료 및 시험계획 자진취하)	Material Management Matter Related to Investment Decisions (Early Termination of the European Phase 3 Clinical Trial and Voluntary Withdrawal of the Trial Application for CT-P51, a Keytruda Biosimilar)
투자판단관련주요경영사항 (CTP51(키트루다 바이오시밀러) 한국 임상 3상 시험계획 변경신청 승인)	Material Management Matter Related to Investment Decisions (Approval of a Korean Phase 3 Clinical Trial Amendment Application for CT-P51, a Keytruda Biosimilar)
투자판단관련주요경영사항 (CTP51(키트루다 바이오시밀러) 한국 임상 3상 시험계획 변경신청)	Material Management Matter Related to Investment Decisions (Korean Phase 3 Clinical Trial Amendment Application for CT-P51, a Keytruda Biosimilar)
투자판단관련주요경영사항 (CTP51(키트루다 바이오시밀러) 한국 임상 3상 시험계획 승인)	Material Management Matter Related to Investment Decisions (Korean Phase 3 Clinical Trial Authorization for CT-P51, a Keytruda Biosimilar)
투자판단관련주요경영사항 (CTP51(키트루다 바이오시밀러) 한국 임상 3상 시험계획 신청)	Material Management Matter Related to Investment Decisions (Korean Phase 3 Clinical Trial Application for CT-P51, a Keytruda Biosimilar)
투자판단관련주요경영사항 (CTP51(키트루다 바이오시밀러) 한국 품목허가 신청)	Material Management Matter Related to Investment Decisions (Korean Marketing Authorization Application for CT-P51, a Keytruda Biosimilar)
투자판단관련주요경영사항 (CTP55(코센틱스 바이오시밀러) 미국 임상 3상 시험계획 변경신청 승인 )	Material Management Matter Related to Investment Decisions (Approval of a U.S. Phase 3 Clinical Trial Amendment Application for CT-P55, a Cosentyx Biosimilar)
투자판단관련주요경영사항 (CTP55(코센틱스 바이오시밀러) 미국 임상 3상 시험계획 변경신청)	Material Management Matter Related to Investment Decisions (U.S. Phase 3 Clinical Trial Amendment Application for CT-P55, a Cosentyx Biosimilar)
투자판단관련주요경영사항 (CTP55(코센틱스 바이오시밀러) 미국 임상 3상 시험계획 승인)	Material Management Matter Related to Investment Decisions (U.S. Phase 3 Clinical Trial Authorization for CT-P55, a Cosentyx Biosimilar)
투자판단관련주요경영사항 (CTP55(코센틱스 바이오시밀러) 미국 품목허가 신청)	Material Management Matter Related to Investment Decisions (U.S. Marketing Authorization Application for CT-P55, a Cosentyx Biosimilar)
투자판단관련주요경영사항 (CTP55(코센틱스 바이오시밀러) 유럽 임상 3상 시험계획 변경신청 승인(Part 1&2))	Material Management Matter Related to Investment Decisions (Approval of a European Phase 3 Clinical Trial Amendment Application, Parts 1 and 2, for CT-P55, a Cosentyx Biosimilar)
투자판단관련주요경영사항 (CTP55(코센틱스 바이오시밀러) 유럽 임상 3상 시험계획 변경신청(Part1&2))	Material Management Matter Related to Investment Decisions (European Phase 3 Clinical Trial Amendment Application, Parts 1 and 2, for CT-P55, a Cosentyx Biosimilar)
투자판단관련주요경영사항 (CTP55(코센틱스 바이오시밀러) 유럽 임상 3상 시험계획 승인(Part1&2))	Material Management Matter Related to Investment Decisions (European Phase 3 Clinical Trial Authorization, Parts 1 and 2, for CT-P55, a Cosentyx Biosimilar)
투자판단관련주요경영사항 (CTP55(코센틱스 바이오시밀러) 유럽 임상 3상 시험계획 신청(Part1&2))	Material Management Matter Related to Investment Decisions (European Phase 3 Clinical Trial Application, Parts 1 and 2, for CT-P55, a Cosentyx Biosimilar)
투자판단관련주요경영사항 (CTP55(코센틱스 바이오시밀러) 유럽 품목허가 신청)	Material Management Matter Related to Investment Decisions (European Marketing Authorization Application for CT-P55, a Cosentyx Biosimilar)
투자판단관련주요경영사항 (CTP55(코센틱스 바이오시밀러) 한국 품목허가 신청)	Material Management Matter Related to Investment Decisions (Korean Marketing Authorization Application for CT-P55, a Cosentyx Biosimilar)
투자판단관련주요경영사항 (CTP6 SC(허쥬마 피하주사 제형) 유럽 제형 추가 신청)	Material Management Matter Related to Investment Decisions (European Application to Add the CT-P6 SC Subcutaneous Herzuma Formulation)
투자판단관련주요경영사항 (CTP6 SC(허쥬마 피하주사 제형) 한국 품목허가 신청)	Material Management Matter Related to Investment Decisions (Korean Marketing Authorization Application for CT-P6 SC, Subcutaneous Herzuma)
투자판단관련주요경영사항 (EYZANFY주 (ALT-L9 애플리버셉트) 한국 품목허가 신청)	Material Management Matter Related to Investment Decisions (Korean Marketing Authorization Application for EYZANFY Injection, ALT-L9 Aflibercept)
투자판단관련주요경영사항 (PD1 x VEGF x IL2v 삼중융합단백질 신약 개발을 위한 공동연구개발 및 라이선스 계약 체결)	Material Management Matter Related to Investment Decisions (Joint Research and Development and License Agreement for a PD1 x VEGF x IL2v Triple-Fusion Protein Drug)
투자판단관련주요경영사항 (개발 전략 변경에 따른 CTP13 SC(램시마 피하주사 제형) 유럽 임상 3상 시험 계획 Part 1 승인 만료 (궤양성 대장염 소아 환자))	Material Management Matter Related to Investment Decisions (Expiration of European Phase 3 Clinical Trial Part 1 Authorization for CT-P13 SC, Subcutaneous Remsima, in Pediatric Ulcerative Colitis Patients Following a Development Strategy Change)
투자판단관련주요경영사항 (개발 전략 변경에 따른 CTP13 SC(램시마 피하주사 제형) 유럽 임상 3상 시험 계획 Part 1 승인 만료 (크론병 소아 환자))	Material Management Matter Related to Investment Decisions (Expiration of European Phase 3 Clinical Trial Part 1 Authorization for CT-P13 SC, Subcutaneous Remsima, in Pediatric Crohn's Disease Patients Following a Development Strategy Change)
투자판단관련주요경영사항 (공간전사체 기반 항체 발굴 및 후속 연구 개발을 위한 공동연구계약 체결)	Material Management Matter Related to Investment Decisions (Joint Research Agreement for Spatial Transcriptomics-Based Antibody Discovery and Subsequent Research and Development)
투자판단관련주요경영사항 (마이크로바이옴 장질환 신약 후보물질 Licensein 계약 체결)	Material Management Matter Related to Investment Decisions (License-In Agreement for a Microbiome-Based Intestinal Disease Drug Candidate)
투자판단관련주요경영사항 (미국 원료의약품 시설 보유한 기업 인수에 대한 독점 교섭 확약 체결 (우선협상대상자 선정))	Material Management Matter Related to Investment Decisions (Exclusive Negotiation Commitment for Acquisition of a Company with a U.S. Active Pharmaceutical Ingredient Facility; Selection as Preferred Bidder)
투자판단관련주요경영사항 (스테키마(CTP43, 스텔라라 바이오시밀러) 미국식품의약국(FDA) 최종 판매 허가 획득)	Material Management Matter Related to Investment Decisions (Final FDA Marketing Approval for STEQEYMA, CT-P43, a Stelara Biosimilar)
투자판단관련주요경영사항 (스테키마(CTP43, 스텔라라 바이오시밀러) 유럽연합진행위원회(EC) 최종판매허가 획득)	Material Management Matter Related to Investment Decisions (Final European Commission Marketing Authorization for STEQEYMA, CT-P43, a Stelara Biosimilar)
투자판단관련주요경영사항 (스테키마CT-P43, 스텔라라 바이오시밀러 한국MFDS 품목허가 획득)	Material Management Matter Related to Investment Decisions (Korean MFDS Marketing Authorization for STEQEYMA, CT-P43, a Stelara Biosimilar)
투자판단관련주요경영사항 (스토보클로&오센벨트(CTP41, 프롤리아&엑스지바 바이오시밀러) 미국식품의약국(FDA) 최종 판매 허가 획득)	Material Management Matter Related to Investment Decisions (Final FDA Marketing Approval for STOBOCLO and OSENVELT, CT-P41, Prolia and Xgeva Biosimilars)
투자판단관련주요경영사항 (스토보클로&오센벨트(CTP41, 프롤리아&엑스지바 바이오시밀러) 한국(MFDS) 품목허가 획득)	Material Management Matter Related to Investment Decisions (Korean MFDS Marketing Authorization for STOBOCLO and OSENVELT, CT-P41, Prolia and Xgeva Biosimilars)
투자판단관련주요경영사항 (아이덴젤트(CTP42, 아일리아 바이오시밀러) 미국식품의약국(FDA) 최종 판매 허가 획득)	Material Management Matter Related to Investment Decisions (Final FDA Marketing Approval for EYDENZELT, CT-P42, an Eylea Biosimilar)
투자판단관련주요경영사항 (아이덴젤트(CTP42, 아일리아 바이오시밀러) 유럽연합진행위원회(EC) 최종판매허가 획득)	Material Management Matter Related to Investment Decisions (Final European Commission Marketing Authorization for EYDENZELT, CT-P42, an Eylea Biosimilar)
투자판단관련주요경영사항 (아이덴젤트CT-P42, 아일리아 바이오시밀러 한국MFDS 품목허가 획득)	Material Management Matter Related to Investment Decisions (Korean MFDS Marketing Authorization for EYDENZELT, CT-P42, an Eylea Biosimilar)
투자판단관련주요경영사항 (아이젠피주(ALT-L9, 아일리아 바이오시밀러) 식약처 품목허가 승인)	Material Management Matter Related to Investment Decisions (MFDS Marketing Authorization for AIZENPI Injection, ALT-L9, an Eylea Biosimilar)
투자판단관련주요경영사항 (앱토즈마(CTP47, 로악템라 바이오시밀러) 유럽연합진행위원회(EC) 최종판매허가 획득)	Material Management Matter Related to Investment Decisions (Final European Commission Marketing Authorization for AVTOZMA, CT-P47, a RoActemra Biosimilar)
투자판단관련주요경영사항 (앱토즈마(CTP47, 악템라 바이오시밀러) 미국식품의약국(FDA) 최종 판매 허가 획득)	Material Management Matter Related to Investment Decisions (Final FDA Marketing Approval for AVTOZMA, CT-P47, an Actemra Biosimilar)
투자판단관련주요경영사항 (앱토즈마주(CTP47, 악템라주 바이오시밀러) 한국(MFDS) 품목허가 획득)	Material Management Matter Related to Investment Decisions (Korean MFDS Marketing Authorization for AVTOZMA Injection, CT-P47, an Actemra Biosimilar)
투자판단관련주요경영사항 (앱토즈마피하주사(CTP47, 악템라 바이오시밀러) 한국(MFDS) 품목허가 획득)	Material Management Matter Related to Investment Decisions (Korean MFDS Marketing Authorization for Subcutaneous AVTOZMA, CT-P47, an Actemra Biosimilar)
투자판단관련주요경영사항 (옴리클로(CT-P39, 졸레어 바이오시밀러) 유럽연합진행위원회(EC) 최종판매허가 획득)	Material Management Matter Related to Investment Decisions (Final European Commission Marketing Authorization for OMLYCLO, CT-P39, a Xolair Biosimilar)
투자판단관련주요경영사항 (옴리클로(CTP39, 졸레어 바이오시밀러) 미국식품의약국(FDA) 최종 판매 허가 획득)	Material Management Matter Related to Investment Decisions (Final FDA Marketing Approval for OMLYCLO, CT-P39, a Xolair Biosimilar)
투자판단관련주요경영사항 (옴리클로CT-P39, 졸레어 바이오시밀러 한국MFDS 품목허가 획득)	Material Management Matter Related to Investment Decisions (Korean MFDS Marketing Authorization for OMLYCLO, CT-P39, a Xolair Biosimilar)
투자판단관련주요경영사항 (유플라이마(CTP17, 휴미라 바이오시밀러) 상호교환성 지위 확보를 위한 미국 변경허가 승인)	Material Management Matter Related to Investment Decisions (U.S. Supplemental Approval Granting Interchangeability Status to YUFLYMA, CT-P17, a Humira Biosimilar)
투자판단관련주요경영사항 (인간 히알루로니다제 원천 기술(ALT-B4) 독점적 라이선스 계약 체결)	Material Management Matter Related to Investment Decisions (Exclusive License Agreement for the ALT-B4 Human Hyaluronidase Platform Technology)
투자판단관련주요경영사항 (인간 히알루로니다제 원천 기술(ALT-B4) 라이선스 계약 해지 및 권리 반환)	Material Management Matter Related to Investment Decisions (Termination of the ALT-B4 Human Hyaluronidase Platform Technology License Agreement and Return of Rights)
투자판단관련주요경영사항 (인간 히알루로니다제 원천 기술(ALT-B4) 라이센스 변경계약의 체결)	Material Management Matter Related to Investment Decisions (Amendment to the ALT-B4 Human Hyaluronidase Platform Technology License Agreement)
투자판단관련주요경영사항 (인간 히알루로니다제 제품(ALTB4) 독점적 라이선스 계약 체결)	Material Management Matter Related to Investment Decisions (Exclusive License Agreement for the ALT-B4 Human Hyaluronidase Product)
투자판단관련주요경영사항 (재조합 인간 히알루로니다제 제품 ALT-B4 독점적 라이선스 계약 체결)	Material Management Matter Related to Investment Decisions (Exclusive License Agreement for the Recombinant Human Hyaluronidase Product ALT-B4)
투자판단관련주요경영사항 (재조합 인간 히알루로니다제 제품 ALTB4 독점적 라이선스 계약 체결)	Material Management Matter Related to Investment Decisions (Exclusive License Agreement for the Recombinant Human Hyaluronidase Product ALT-B4)
투자판단관련주요경영사항 (제미다파엠서방정 국내 품목허가 신청)	Material Management Matter Related to Investment Decisions (Korean Marketing Authorization Application for Zemidapa-M Extended-Release Tablets)
투자판단관련주요경영사항 (지주회사 설립 신고에 대한 심사결과 통지서 접수)	Material Management Matter Related to Investment Decisions (Receipt of Review Result Notice for the Holding Company Establishment Filing)
투자판단관련주요경영사항 (지주회사 적용예외)	Material Management Matter Related to Investment Decisions (Exemption from Holding Company Requirements)
투자판단관련주요경영사항 (투자판단관련 주요 경영사항: 스토보클로&오센벨트(CTP41, 프롤리아&엑스지바 바이오시밀러) 유럽연합진행위원회(EC) 최종판매허가 획득)	Material Management Matter Related to Investment Decisions (Final European Commission Marketing Authorization for STOBOCLO and OSENVELT, CT-P41, Prolia and Xgeva Biosimilars)
투자판단관련주요경영사항 (트리오어社의 플랫폼 기술실시 및 라이선스 계약 체결)	Material Management Matter Related to Investment Decisions (Platform Technology Implementation and License Agreement with TRIOAR)
투자판단관련주요경영사항 (항암 신약 후보물질 Licensein 계약 체결)	Material Management Matter Related to Investment Decisions (License-In Agreement for an Anticancer Drug Candidate)
투자판단관련주요경영사항 (희귀 자가면역질환 치료 신약물질 Licensein 계약 체결)	Material Management Matter Related to Investment Decisions (License-In Agreement for a Drug Candidate Treating a Rare Autoimmune Disease)
투자판단관련주요경영사항 (히알루로니다제 공동개발 및 라이선스 계약 체결)	Material Management Matter Related to Investment Decisions (Hyaluronidase Joint Development and License Agreement)
투자판단관련주요경영사항( Tigulixostat(통풍치료제)의 다국가 임상3상 시험 중국 참여 중단)	Material Management Matter Related to Investment Decisions (Discontinuation of China's Participation in the Multinational Phase 3 Clinical Trial of Tigulixostat for Gout)
투자판단관련주요경영사항( 항체 발굴 플랫폼(SHINE MOUSE®)을 활용한 항체 발굴 및 연구개발을 위한 공동 연구 계약 체결 )	Material Management Matter Related to Investment Decisions (Joint Research Agreement for Antibody Discovery and Research and Development Using the SHINE MOUSE Antibody Discovery Platform)
투자판단관련주요경영사항('MCRC 성능개량사업' 우선협상대상자 선정)	Material Management Matter Related to Investment Decisions (Selection as Preferred Bidder for the MCRC Performance Upgrade Project)
투자판단관련주요경영사항('구축함 전투체계' 우선협상대상자 선정)	Material Management Matter Related to Investment Decisions (Selection as Preferred Bidder for the Destroyer Combat System Project)
투자판단관련주요경영사항(ADC 유방암 치료제(ALT-P7) 임상 1상 시험 결과 미 임상종양학회(ASCO)에서 발표)	Material Management Matter Related to Investment Decisions (Presentation of Phase 1 Clinical Trial Results for ALT-P7, an ADC Breast Cancer Therapy, at the American Society of Clinical Oncology)
투자판단관련주요경영사항(ALT-B4 관련 마일스톤 기술료 수령)	Material Management Matter Related to Investment Decisions (Receipt of Milestone Payment Related to ALT-B4)
투자판단관련주요경영사항(ALT-BB4 (Tergase® 테르가제, 재조합 히알루로니다제)의 안전성과 내약성 및 약동학 특성을 평가하기 위한 임상시험(Topline data) 결과)	Material Management Matter Related to Investment Decisions (Topline Clinical Trial Results Evaluating the Safety, Tolerability, and Pharmacokinetics of ALT-BB4, Tergase, a Recombinant Hyaluronidase)
투자판단관련주요경영사항(ALT-BB4 (재조합 인간 히알루로니다아제) 단회 투여의 안전성과 내약성 및 약동학 특성을 평가하기 위한 임상시험계획신청)	Material Management Matter Related to Investment Decisions (Clinical Trial Application Evaluating the Safety, Tolerability, and Pharmacokinetics of a Single Dose of ALT-BB4 Recombinant Human Hyaluronidase)
투자판단관련주요경영사항(ALT-BB4 (테르가제, 재조합 히알루로니다제)의 안전성과 내약성 및 약동학 특성을 평가하기 위한 임상시험 1상 계획 승인)	Material Management Matter Related to Investment Decisions (Phase 1 Clinical Trial Authorization Evaluating the Safety, Tolerability, and Pharmacokinetics of ALT-BB4 Tergase, a Recombinant Hyaluronidase)
투자판단관련주요경영사항(ALT-BB4(Tergase) 테르가제주 품목허가 신청)	Material Management Matter Related to Investment Decisions (Marketing Authorization Application for ALT-BB4 Tergase Injection)
투자판단관련주요경영사항(Adalimumab BS 「MA」 일본 후생노동성 판매 허가 획득)	Material Management Matter Related to Investment Decisions (Japanese Ministry of Health, Labour and Welfare Marketing Approval for Adalimumab BS MA)
투자판단관련주요경영사항(CT-P13 SC(램시마 피하주사 제형) 미국 3상 시험계획 승인(크론병 소아 환자))	Material Management Matter Related to Investment Decisions (U.S. Phase 3 Clinical Trial Authorization for CT-P13 SC, Subcutaneous Remsima, in Pediatric Crohn's Disease Patients)
투자판단관련주요경영사항(CT-P13 SC(램시마 피하주사 제형) 미국 3상 시험계획 신청(크론병 소아 환자))	Material Management Matter Related to Investment Decisions (U.S. Phase 3 Clinical Trial Application for CT-P13 SC, Subcutaneous Remsima, in Pediatric Crohn's Disease Patients)
투자판단관련주요경영사항(CT-P13 SC(램시마 피하주사 제형) 미국 임상 3상 시험계획 승인(궤양성 대장염 소아 환자))	Material Management Matter Related to Investment Decisions (U.S. Phase 3 Clinical Trial Authorization for CT-P13 SC, Subcutaneous Remsima, in Pediatric Ulcerative Colitis Patients)
투자판단관련주요경영사항(CT-P13 SC(램시마 피하주사 제형) 미국 임상 3상 시험계획 신청(궤양성 대장염 소아 환자))	Material Management Matter Related to Investment Decisions (U.S. Phase 3 Clinical Trial Application for CT-P13 SC, Subcutaneous Remsima, in Pediatric Ulcerative Colitis Patients)
투자판단관련주요경영사항(CT-P13 SC(램시마 피하주사 제형) 미국 품목허가 신청)	Material Management Matter Related to Investment Decisions (U.S. Marketing Authorization Application for CT-P13 SC, Subcutaneous Remsima)
투자판단관련주요경영사항(CT-P13 SC(램시마SC) 임상 3상(궤양성 대장염) 결과 발표)	Material Management Matter Related to Investment Decisions (Phase 3 Clinical Trial Results for CT-P13 SC Remsima SC in Ulcerative Colitis)
투자판단관련주요경영사항(CT-P13 SC(램시마SC) 임상 3상(크론병) 결과 발표)	Material Management Matter Related to Investment Decisions (Phase 3 Clinical Trial Results for CT-P13 SC Remsima SC in Crohn's Disease)
투자판단관련주요경영사항(CT-P16(아바스틴 바이오시밀러) 국내 품목허가 신청)	Material Management Matter Related to Investment Decisions (Korean Marketing Authorization Application for CT-P16, an Avastin Biosimilar)
투자판단관련주요경영사항(CT-P16(아바스틴 바이오시밀러) 미국 품목허가 신청)	Material Management Matter Related to Investment Decisions (U.S. Marketing Authorization Application for CT-P16, an Avastin Biosimilar)
투자판단관련주요경영사항(CT-P16(아바스틴 바이오시밀러) 유럽 CHMP(유럽의약품청 산하 약물사용자문위원회) 판매 승인 권고 획득)	Material Management Matter Related to Investment Decisions (CHMP Recommendation for Marketing Authorization of CT-P16, an Avastin Biosimilar)
투자판단관련주요경영사항(CT-P16(아바스틴 바이오시밀러) 유럽 품목허가 신청)	Material Management Matter Related to Investment Decisions (European Marketing Authorization Application for CT-P16, an Avastin Biosimilar)
투자판단관련주요경영사항(CT-P17(Humira Biosimilar), 유럽 판매 승인권고 획득)	Material Management Matter Related to Investment Decisions (European Recommendation for Marketing Authorization of CT-P17, a Humira Biosimilar)
투자판단관련주요경영사항(CT-P17(휴미라 바이오시밀러) 국내 품목허가 획득)	Material Management Matter Related to Investment Decisions (Korean Marketing Authorization for CT-P17, a Humira Biosimilar)
투자판단관련주요경영사항(CT-P39(졸레어 바이오시밀러) 유럽 품목허가 신청)	Material Management Matter Related to Investment Decisions (European Marketing Authorization Application for CT-P39, a Xolair Biosimilar)
투자판단관련주요경영사항(CT-P39(졸레어 바이오시밀러) 임상 3상 결과 발표)	Material Management Matter Related to Investment Decisions (Phase 3 Clinical Trial Results for CT-P39, a Xolair Biosimilar)
투자판단관련주요경영사항(CT-P39(졸레어 바이오시밀러) 한국 품목허가 신청)	Material Management Matter Related to Investment Decisions (Korean Marketing Authorization Application for CT-P39, a Xolair Biosimilar)
투자판단관련주요경영사항(CT-P41(프롤리아 바이오시밀러) 임상 3상 결과 발표)	Material Management Matter Related to Investment Decisions (Phase 3 Clinical Trial Results for CT-P41, a Prolia Biosimilar)
투자판단관련주요경영사항(CT-P41(프롤리아 바이오시밀러) 임상 3상 시험계획 국내 식약처 승인)	Material Management Matter Related to Investment Decisions (Korean MFDS Phase 3 Clinical Trial Authorization for CT-P41, a Prolia Biosimilar)
투자판단관련주요경영사항(CT-P41(프롤리아 바이오시밀러) 임상 3상 시험계획 국내 식약처 신청)	Material Management Matter Related to Investment Decisions (Korean MFDS Phase 3 Clinical Trial Application for CT-P41, a Prolia Biosimilar)
투자판단관련주요경영사항(CT-P41(프롤리아 바이오시밀러) 임상 3상 시험계획 미국 FDA 승인)	Material Management Matter Related to Investment Decisions (U.S. FDA Phase 3 Clinical Trial Authorization for CT-P41, a Prolia Biosimilar)
투자판단관련주요경영사항(CT-P41(프롤리아 바이오시밀러) 임상 3상 시험계획 미국 FDA 신청)	Material Management Matter Related to Investment Decisions (U.S. FDA Phase 3 Clinical Trial Application for CT-P41, a Prolia Biosimilar)
투자판단관련주요경영사항(CT-P41(프롤리아 바이오시밀러) 임상 3상 시험계획 유럽 우크라이나 신청)	Material Management Matter Related to Investment Decisions (Ukrainian Application for a European Phase 3 Clinical Trial of CT-P41, a Prolia Biosimilar)
투자판단관련주요경영사항(CT-P41(프롤리아&엑스지바 바이오시밀러) 미국 품목허가 신청)	Material Management Matter Related to Investment Decisions (U.S. Marketing Authorization Application for CT-P41, a Prolia and Xgeva Biosimilar)
투자판단관련주요경영사항(CT-P41(프롤리아&엑스지바 바이오시밀러) 한국 품목허가 신청)	Material Management Matter Related to Investment Decisions (Korean Marketing Authorization Application for CT-P41, a Prolia and Xgeva Biosimilar)
투자판단관련주요경영사항(CT-P42(아일리아 바이오시밀러) 3상 임상시험계획 국내 식약처 승인)	Material Management Matter Related to Investment Decisions (Korean MFDS Phase 3 Clinical Trial Authorization for CT-P42, an Eylea Biosimilar)
투자판단관련주요경영사항(CT-P42(아일리아 바이오시밀러) 미국 품목허가 신청)	Material Management Matter Related to Investment Decisions (U.S. Marketing Authorization Application for CT-P42, an Eylea Biosimilar)
투자판단관련주요경영사항(CT-P42(아일리아 바이오시밀러) 유럽 품목허가 신청)	Material Management Matter Related to Investment Decisions (European Marketing Authorization Application for CT-P42, an Eylea Biosimilar)
투자판단관련주요경영사항(CT-P42(아일리아 바이오시밀러) 임상 3상 결과 발표)	Material Management Matter Related to Investment Decisions (Phase 3 Clinical Trial Results for CT-P42, an Eylea Biosimilar)
투자판단관련주요경영사항(CT-P42(아일리아 바이오시밀러) 임상 3상 시험계획 국내 식약처 신청)	Material Management Matter Related to Investment Decisions (Korean MFDS Phase 3 Clinical Trial Application for CT-P42, an Eylea Biosimilar)
투자판단관련주요경영사항(CT-P42(아일리아 바이오시밀러) 임상 3상 시험계획 미국 FDA 승인)	Material Management Matter Related to Investment Decisions (U.S. FDA Phase 3 Clinical Trial Authorization for CT-P42, an Eylea Biosimilar)
투자판단관련주요경영사항(CT-P42(아일리아 바이오시밀러) 임상 3상 시험계획 미국 FDA 신청)	Material Management Matter Related to Investment Decisions (U.S. FDA Phase 3 Clinical Trial Application for CT-P42, an Eylea Biosimilar)
투자판단관련주요경영사항(CT-P42(아일리아 바이오시밀러) 한국 품목허가 신청)	Material Management Matter Related to Investment Decisions (Korean Marketing Authorization Application for CT-P42, an Eylea Biosimilar)
투자판단관련주요경영사항(CT-P43 국내 임상3상 시험계획 승인)	Material Management Matter Related to Investment Decisions (Korean Phase 3 Clinical Trial Authorization for CT-P43)
투자판단관련주요경영사항(CT-P43(스텔라라 바이오시밀러) 미국 품목허가 신청)	Material Management Matter Related to Investment Decisions (U.S. Marketing Authorization Application for CT-P43, a Stelara Biosimilar)
투자판단관련주요경영사항(CT-P43(스텔라라 바이오시밀러) 유럽 품목허가 신청)	Material Management Matter Related to Investment Decisions (European Marketing Authorization Application for CT-P43, a Stelara Biosimilar)
투자판단관련주요경영사항(CT-P43(스텔라라 바이오시밀러) 임상 3상 결과 발표)	Material Management Matter Related to Investment Decisions (Phase 3 Clinical Trial Results for CT-P43, a Stelara Biosimilar)
투자판단관련주요경영사항(CT-P43(스텔라라 바이오시밀러) 한국 품목허가 신청)	Material Management Matter Related to Investment Decisions (Korean Marketing Authorization Application for CT-P43, a Stelara Biosimilar)
투자판단관련주요경영사항(CT-P47(악템라 바이오시밀러) 미국 임상 3상 시험계획 신청)	Material Management Matter Related to Investment Decisions (U.S. Phase 3 Clinical Trial Application for CT-P47, an Actemra Biosimilar)
투자판단관련주요경영사항(CT-P47(악템라 바이오시밀러) 미국 품목허가 신청)	Material Management Matter Related to Investment Decisions (U.S. Marketing Authorization Application for CT-P47, an Actemra Biosimilar)
투자판단관련주요경영사항(CT-P47(악템라 바이오시밀러) 유럽 임상 3상 시험계획 승인)	Material Management Matter Related to Investment Decisions (European Phase 3 Clinical Trial Authorization for CT-P47, an Actemra Biosimilar)
투자판단관련주요경영사항(CT-P47(악템라 바이오시밀러) 유럽 임상 3상 시험계획 신청)	Material Management Matter Related to Investment Decisions (European Phase 3 Clinical Trial Application for CT-P47, an Actemra Biosimilar)
투자판단관련주요경영사항(CT-P47(악템라 바이오시밀러) 임상 3상 결과 발표)	Material Management Matter Related to Investment Decisions (Phase 3 Clinical Trial Results for CT-P47, an Actemra Biosimilar)
투자판단관련주요경영사항(CT-P53(오크레부스 바이오시밀러) 미국 임상 3상 시험계획 승인)	Material Management Matter Related to Investment Decisions (U.S. Phase 3 Clinical Trial Authorization for CT-P53, an Ocrevus Biosimilar)
투자판단관련주요경영사항(CT-P53(오크레부스 바이오시밀러) 미국 임상 3상 시험계획 신청)	Material Management Matter Related to Investment Decisions (U.S. Phase 3 Clinical Trial Application for CT-P53, an Ocrevus Biosimilar)
투자판단관련주요경영사항(CT-P53(오크레부스 바이오시밀러) 유럽 임상 3상 시험계획 승인(Part 1))	Material Management Matter Related to Investment Decisions (European Phase 3 Clinical Trial Authorization, Part 1, for CT-P53, an Ocrevus Biosimilar)
투자판단관련주요경영사항(CT-P53(오크레부스 바이오시밀러) 유럽 임상 3상 시험계획 승인(Part 2))	Material Management Matter Related to Investment Decisions (European Phase 3 Clinical Trial Authorization, Part 2, for CT-P53, an Ocrevus Biosimilar)
투자판단관련주요경영사항(CT-P53(오크레부스 바이오시밀러) 유럽 임상 3상 시험계획 신청(Part 1))	Material Management Matter Related to Investment Decisions (European Phase 3 Clinical Trial Application, Part 1, for CT-P53, an Ocrevus Biosimilar)
투자판단관련주요경영사항(CT-P53(오크레부스 바이오시밀러) 유럽 임상 3상 시험계획 신청(Part 2))	Material Management Matter Related to Investment Decisions (European Phase 3 Clinical Trial Application, Part 2, for CT-P53, an Ocrevus Biosimilar)
투자판단관련주요경영사항(CT-P63+CT-P66(코로나19 흡입형 치료제) 유럽 임상 3상 시험계획 승인)	Material Management Matter Related to Investment Decisions (European Phase 3 Clinical Trial Authorization for CT-P63 plus CT-P66, an Inhaled COVID-19 Treatment)
투자판단관련주요경영사항(CT-P63+CT-P66(코로나19 흡입형 치료제) 유럽 임상 3상 시험계획 신청)	Material Management Matter Related to Investment Decisions (European Phase 3 Clinical Trial Application for CT-P63 plus CT-P66, an Inhaled COVID-19 Treatment)
투자판단관련주요경영사항(CT-P63+CT-P66(코로나19 흡입형 치료제) 유럽 임상 중단)	Material Management Matter Related to Investment Decisions (Discontinuation of the European Clinical Trial of CT-P63 plus CT-P66, an Inhaled COVID-19 Treatment)
투자판단관련주요경영사항(HER2 양성 고형암 표적 이중항체 치료 후보물질 'ABP102' 공동 개발 계약 체결)	Material Management Matter Related to Investment Decisions (Joint Development Agreement for ABP102, a Bispecific Antibody Candidate Targeting HER2-Positive Solid Tumors)
투자판단관련주요경영사항(HER2 양성 유방암 대상자 중 표준 치료에 실패한 전이를 가진 진행성 또는 재발성 환자에게 ALT-P7을 주사제로 투여하여 안전성, 약동학, 항암효과를 평가하는 국내 임상1상 시험결과)	Material Management Matter Related to Investment Decisions (Korean Phase 1 Clinical Trial Results Evaluating the Safety, Pharmacokinetics, and Antitumor Activity of Injectable ALT-P7 in Advanced or Recurrent Metastatic HER2-Positive Breast Cancer Patients Who Failed Standard Therapy)
투자판단관련주요경영사항(Tigulixostat(통풍치료제) 미국 임상 3상 시험계획 승인)	Material Management Matter Related to Investment Decisions (U.S. Phase 3 Clinical Trial Authorization for Tigulixostat, a Gout Treatment)
투자판단관련주요경영사항(Tigulixostat(통풍치료제) 미국 임상 3상 시험계획 신청)	Material Management Matter Related to Investment Decisions (U.S. Phase 3 Clinical Trial Application for Tigulixostat, a Gout Treatment)
투자판단관련주요경영사항(Tigulixostat(통풍치료제) 유럽 임상 3상 시험계획 신청)	Material Management Matter Related to Investment Decisions (European Phase 3 Clinical Trial Application for Tigulixostat, a Gout Treatment)
투자판단관련주요경영사항(Tigulixostat(통풍치료제) 유럽 임상 3상 시험계획 조건부 승인)	Material Management Matter Related to Investment Decisions (Conditional European Phase 3 Clinical Trial Authorization for Tigulixostat, a Gout Treatment)
투자판단관련주요경영사항(Tigulixostat(통풍치료제) 중국 임상 3상 시험계획 신청)	Material Management Matter Related to Investment Decisions (Chinese Phase 3 Clinical Trial Application for Tigulixostat, a Gout Treatment)
투자판단관련주요경영사항(Tigulixostat(통풍치료제) 한국 임상 3상 시험계획 승인)	Material Management Matter Related to Investment Decisions (Korean Phase 3 Clinical Trial Authorization for Tigulixostat, a Gout Treatment)
투자판단관련주요경영사항(Tigulixostat(통풍치료제)의 유럽 임상3상 시험계획 철회)	Material Management Matter Related to Investment Decisions (Withdrawal of the European Phase 3 Clinical Trial Application for Tigulixostat, a Gout Treatment)
투자판단관련주요경영사항(기술이전계약 체결)	Material Management Matter Related to Investment Decisions (Technology Transfer Agreement)
투자판단관련주요경영사항(다중항체의 발굴 및 연구개발을 위한 공동 연구 계약 체결)	Material Management Matter Related to Investment Decisions (Joint Research Agreement for Multi-Specific Antibody Discovery and Research and Development)
투자판단관련주요경영사항(도네페질 패취 식품의약품안전처 국내 품목 허가 획득)	Material Management Matter Related to Investment Decisions (Korean MFDS Marketing Authorization for a Donepezil Patch)
투자판단관련주요경영사항(도네페질 패취 식품의약품안전처 국내 품목허가 신청)	Material Management Matter Related to Investment Decisions (Korean MFDS Marketing Authorization Application for a Donepezil Patch)
투자판단관련주요경영사항(두산엔진 주식 매각 결정)	Material Management Matter Related to Investment Decisions (Decision to Sell Shares in Doosan Engine)
투자판단관련주요경영사항(램시마SC 유럽연합 집행위원회 최종 판매허가 획득)	Material Management Matter Related to Investment Decisions (Final European Commission Marketing Authorization for Remsima SC)
투자판단관련주요경영사항(램시마SC 추가 적응증 유럽 판매 승인권고 획득)	Material Management Matter Related to Investment Decisions (European Recommendation for Marketing Authorization of Additional Indications for Remsima SC)
투자판단관련주요경영사항(램시마SC, IBD 등 적응증 유럽연합집행위원회(EC) 최종 판매허가 획득)	Material Management Matter Related to Investment Decisions (Final European Commission Marketing Authorization for Remsima SC Indications Including Inflammatory Bowel Disease)
투자판단관련주요경영사항(램시마SC, 유럽 판매 승인권고 획득)	Material Management Matter Related to Investment Decisions (European Recommendation for Marketing Authorization of Remsima SC)
투자판단관련주요경영사항(렉키로나(프로젝트명: CT-P59, 성분명: Regdanvimab), 유럽 EC(유럽연합집행위원회) 최종 판매 허가 획득)	Material Management Matter Related to Investment Decisions (Final European Commission Marketing Authorization for Regkirona, CT-P59, Regdanvimab)
투자판단관련주요경영사항(베그젤마(CT-P16, 아바스틴 바이오시밀러) 국내(MFDS) 품목허가 획득)	Material Management Matter Related to Investment Decisions (Korean MFDS Marketing Authorization for Vegzelma, CT-P16, an Avastin Biosimilar)
투자판단관련주요경영사항(베그젤마(CT-P16, 아바스틴 바이오시밀러) 미국식품의약국(FDA) 최종 판매 허가 획득)	Material Management Matter Related to Investment Decisions (Final FDA Marketing Approval for Vegzelma, CT-P16, an Avastin Biosimilar)
투자판단관련주요경영사항(베그젤마(CT-P16, 아바스틴 바이오시밀러) 유럽연합집행위원회(EC) 최종판매허가 획득)	Material Management Matter Related to Investment Decisions (Final European Commission Marketing Authorization for Vegzelma, CT-P16, an Avastin Biosimilar)
투자판단관련주요경영사항(용선료 협상 합의)	Material Management Matter Related to Investment Decisions (Agreement in Charter Rate Negotiations)
투자판단관련주요경영사항(유방암위암 치료제인 허셉틴 바이오시밀러(ALT-02)의 임상1상 시험 종료)	Material Management Matter Related to Investment Decisions (Completion of the Phase 1 Clinical Trial of ALT-02, a Herceptin Biosimilar for Breast and Gastric Cancer)
투자판단관련주요경영사항(유플라이마(CT-P17, 휴미라 바이오시밀러) 미국 상호교환성 임상 3상 시험계획 신청)	Material Management Matter Related to Investment Decisions (U.S. Phase 3 Interchangeability Clinical Trial Application for YUFLYMA, CT-P17, a Humira Biosimilar)
투자판단관련주요경영사항(유플라이마(CT-P17, 휴미라 바이오시밀러) 미국 식품의약국(FDA) 최종 판매 허가 획득)	Material Management Matter Related to Investment Decisions (Final FDA Marketing Approval for YUFLYMA, CT-P17, a Humira Biosimilar)
투자판단관련주요경영사항(유플라이마(CT-P17, 휴미라 바이오시밀러) 상호교환성 임상 3상 결과 발표)	Material Management Matter Related to Investment Decisions (Phase 3 Interchangeability Clinical Trial Results for YUFLYMA, CT-P17, a Humira Biosimilar)
투자판단관련주요경영사항(유플라이마(CT-P17, 휴미라 바이오시밀러) 상호교환성 지위 확보를 위한 미국 변경허가 신청)	Material Management Matter Related to Investment Decisions (U.S. Supplemental Application to Obtain Interchangeability Status for YUFLYMA, CT-P17, a Humira Biosimilar)
투자판단관련주요경영사항(유플라이마(CT-P17, 휴미라 바이오시밀러) 유럽 상호교환성 임상 3상 시험계획 승인)	Material Management Matter Related to Investment Decisions (European Phase 3 Interchangeability Clinical Trial Authorization for YUFLYMA, CT-P17, a Humira Biosimilar)
투자판단관련주요경영사항(유플라이마(CT-P17, 휴미라 바이오시밀러) 유럽 상호교환성 임상 3상 시험계획 신청)	Material Management Matter Related to Investment Decisions (European Phase 3 Interchangeability Clinical Trial Application for YUFLYMA, CT-P17, a Humira Biosimilar)
투자판단관련주요경영사항(유플라이마(프로젝트명: CT-P17, Humira biosimilar), 유럽연합집행위원회(EC) 최종판매허가 획득)	Material Management Matter Related to Investment Decisions (Final European Commission Marketing Authorization for YUFLYMA, CT-P17, a Humira Biosimilar)
투자판단관련주요경영사항(인간 히알루로니다제 원천 기술(ALT-B4) 라이센스 계약 체결)	Material Management Matter Related to Investment Decisions (License Agreement for the ALT-B4 Human Hyaluronidase Platform Technology)
투자판단관련주요경영사항(인간 히알루로니다제 원천 기술(ALT-B4) 비독점적 라이센스 계약 체결)	Material Management Matter Related to Investment Decisions (Non-Exclusive License Agreement for the ALT-B4 Human Hyaluronidase Platform Technology)
투자판단관련주요경영사항(인간 히알루로니다제 원천 기술(ALT-B4) 비독점적 라이센스 계약체결)	Material Management Matter Related to Investment Decisions (Non-Exclusive License Agreement for the ALT-B4 Human Hyaluronidase Platform Technology)
투자판단관련주요경영사항(인도 현지법인의 석탄화력발전소 2기 수주통보서(NOA) 접수)	Material Management Matter Related to Investment Decisions (Receipt of Notices of Award for Two Coal-Fired Power Plants by the Indian Subsidiary)
투자판단관련주요경영사항(Nectin4 단백질 표적 고형암 치료제 후보물질 SBE303 연구개발 및 상업화 계약 체결)	Material Management Matter Related to Investment Decisions (Research, Development, and Commercialization Agreement for SBE303, a Solid-Tumor Drug Candidate Targeting Nectin-4)
투자판단관련주요경영사항(SB27(Keytruda 바이오시밀러) 제3상 임상시험 1차 유효성 분석 결과 발표)	Material Management Matter Related to Investment Decisions (Primary Efficacy Analysis Results from the Phase 3 Clinical Trial of SB27, a Keytruda Biosimilar)
투자판단관련주요경영사항(SB27주(펨브롤리주맙 바이오시밀러) 한국 품목허가 신청)	Material Management Matter Related to Investment Decisions (Korean Marketing Authorization Application for SB27 Injection, a Pembrolizumab Biosimilar)
투자판단관련주요경영사항(개량항체 공동기술개발 및 기술도입 옵션계약 체결)	Material Management Matter Related to Investment Decisions (Joint Technology Development and In-Licensing Option Agreement for an Improved Antibody)
투자판단관련주요경영사항(제미다파엠서방정 국내 품목허가 신청)	Material Management Matter Related to Investment Decisions (Korean Marketing Authorization Application for Zemidapa-M Extended-Release Tablets)
투자판단관련주요경영사항(타법인 주식 및 출자증권 취득결정(pCAM JV) 취소의 건)	Material Management Matter Related to Investment Decisions (Cancellation of the Decision to Acquire Shares and Equity Securities in the pCAM Joint Venture)
투자판단관련주요경영사항(항암 신약 후보물질 Licensein 계약 체결)	Material Management Matter Related to Investment Decisions (License-In Agreement for an Anticancer Drug Candidate)
투자판단관련주요경영사항(에스케이온)	Material Management Matter Related to Investment Decisions (SK On)
투자판단관련주요경영사항(제미다파정 국내 품목 허가 획득)	Material Management Matter Related to Investment Decisions (Korean Marketing Authorization for Zemidapa Tablets)
투자판단관련주요경영사항(제미메트서방정 25/750mg 국내 품목허가 신청)	Material Management Matter Related to Investment Decisions (Korean Marketing Authorization Application for Zemimet Extended-Release Tablets 25/750 mg)
투자판단관련주요경영사항(젤렌카주(Humira biosimilar) 국내 품목허가 승인)	Material Management Matter Related to Investment Decisions (Korean Marketing Authorization for Gelenca Injection, a Humira Biosimilar)
투자판단관련주요경영사항(젤렌카주(Humira biosimilar) 국내 품목허가 신청)	Material Management Matter Related to Investment Decisions (Korean Marketing Authorization Application for Gelenca Injection, a Humira Biosimilar)
투자판단관련주요경영사항(하이니켈계 NCA 양극소재 중장기 공급계약)	Material Management Matter Related to Investment Decisions (Mid- to Long-Term Supply Agreement for High-Nickel NCA Cathode Materials)
투자판단관련주요경영사항(한국 임상 3상 시험계획 신청)	Material Management Matter Related to Investment Decisions (Korean Phase 3 Clinical Trial Application)
투자판단관련주요경영사항(지속형 인성장호르몬(ALT-P1) 해외 임상 개발을 위한 공동개발 및 기술이전 계약체결)	Material Management Matter Related to Investment Decisions (Joint Development and Technology Transfer Agreement for Overseas Clinical Development of ALT-P1, a Long-Acting Human Growth Hormone)
투자판단관련주요경영사항(Tigulixostat(통풍치료제)의 다국가 임상3상 시험 중국 참여 중단)	Material Management Matter Related to Investment Decisions (Discontinuation of China's Participation in the Multinational Phase 3 Clinical Trial of Tigulixostat for Gout)
투자판단관련주요경영사항(지주회사 적용제외 신고에 대한 검토 결과 접수)	Material Management Matter Related to Investment Decisions (Receipt of Review Results for a Filing to Exclude Holding Company Requirements)
투자판단관련주요경영사항(지주회사 전환 신고에 대한 심사 결과 접수)	Material Management Matter Related to Investment Decisions (Receipt of Review Results for the Holding Company Conversion Filing)
투자판단관련주요경영사항(짐펜트라(CT-P13 SC, 램시마 피하주사 제형) 미국식품의약국(FDA) 최종 판매 허가 획득)	Material Management Matter Related to Investment Decisions (Final FDA Marketing Approval for Zymfentra, CT-P13 SC, Subcutaneous Remsima)
투자판단관련주요경영사항(코로나19 바이러스(SARS-CoV-2) 감염환자 치료제(CT-P59) 국내 조건부허가 신청)	Material Management Matter Related to Investment Decisions (Korean Conditional Marketing Authorization Application for CT-P59, a Treatment for Patients Infected with SARS-CoV-2)
투자판단관련주요경영사항(코로나19 바이러스(SARS-CoV-2) 감염환자 치료제(CT-P59) 국내 품목변경허가 를 통한 정식 품목허가 획득)	Material Management Matter Related to Investment Decisions (Full Korean Marketing Authorization for CT-P59, a Treatment for Patients Infected with SARS-CoV-2, through a Product Authorization Amendment)
투자판단관련주요경영사항(코로나19 바이러스(SARS-CoV-2) 감염환자 치료제(CT-P59) 국내 품목변경허가 신청)	Material Management Matter Related to Investment Decisions (Korean Product Authorization Amendment Application for CT-P59, a Treatment for Patients Infected with SARS-CoV-2)
투자판단관련주요경영사항(코로나19 바이러스(SARS-CoV-2) 감염환자 치료제(CT-P59) 유럽 CHMP(유럽의약품청 산하 약물사용자문위원회) 판매 승인 권고 획득)	Material Management Matter Related to Investment Decisions (CHMP Recommendation for Marketing Authorization of CT-P59, a Treatment for Patients Infected with SARS-CoV-2)
투자판단관련주요경영사항(코로나19 바이러스(SARS-CoV-2) 감염환자 치료제(CT-P59) 유럽 정식 품목허가 신청)	Material Management Matter Related to Investment Decisions (European Full Marketing Authorization Application for CT-P59, a Treatment for Patients Infected with SARS-CoV-2)
투자판단관련주요경영사항(코로나19 바이러스(SARS-CoV-2) 감염환자 치료제(CT-P59) 임상 3상 결과 발표)	Material Management Matter Related to Investment Decisions (Phase 3 Clinical Trial Results for CT-P59, a Treatment for Patients Infected with SARS-CoV-2)
투자판단관련주요경영사항(코로나19 바이러스(SARS-CoV-2) 감염환자 치료제, 렉키로나주(프로젝트명: CT-P59) 국내 조건부허가 획득)	Material Management Matter Related to Investment Decisions (Korean Conditional Marketing Authorization for Regkirona Injection, CT-P59, a Treatment for Patients Infected with SARS-CoV-2)
투자판단관련주요경영사항(트룩시마(Rituximab biosimilar) 미국식품의약국(FDA) 최종 판매허가 획득) )	Material Management Matter Related to Investment Decisions (Final FDA Marketing Approval for Truxima, a Rituximab Biosimilar)
투자판단관련주요경영사항(트룩시마(Rituximab biosimilar) 유럽연합 집행위원회(EC, European Commission) 최종 판매허가 획득)	Material Management Matter Related to Investment Decisions (Final European Commission Marketing Authorization for Truxima, a Rituximab Biosimilar)
투자판단관련주요경영사항(트룩시마(Rituximab biosimilar) 유럽의약품청(EMA) 산하 약물사용자문위원회(CHMP) 전체 적응증 승인권고 획득)	Material Management Matter Related to Investment Decisions (CHMP Recommendation for Approval of All Indications for Truxima, a Rituximab Biosimilar)
투자판단관련주요경영사항(특허권 취득(사스-코로나바이러스-2에 중화 활성을 갖는 결합 분자))	Material Management Matter Related to Investment Decisions (Patent Acquisition for Binding Molecules with Neutralizing Activity Against SARS-CoV-2)
투자판단관련주요경영사항(항체-약물 접합체(Antibody-drug Conjugate, ADC) 링커-페이로드 플랫폼 기술 실시 옵션 도입 계약 체결)	Material Management Matter Related to Investment Decisions (Agreement to Acquire an Option to License an Antibody-Drug Conjugate Linker-Payload Platform Technology)
투자판단관련주요경영사항(허쥬마(Herceptin biosimilar) 미국식품의약국(FDA) 최종 판매허가 획득)	Material Management Matter Related to Investment Decisions (Final FDA Marketing Approval for Herzuma, a Herceptin Biosimilar)
투자판단관련주요경영사항(허쥬마(Herceptin biosimilar) 유럽연합 집행위원회(EC, European Commission) 최종 판매허가 획득)	Material Management Matter Related to Investment Decisions (Final European Commission Marketing Authorization for Herzuma, a Herceptin Biosimilar)
특별손실발생	Occurrence of an Extraordinary Loss
특별이익발생	Occurrence of an Extraordinary Gain
특수관계인과의또는특수관계인을위한CP의매입	Purchase of Commercial Paper from or for a Related Party
특수관계인과의또는특수관계인을위한채권매입	Purchase of Bonds from or for a Related Party
특수관계인과의리스거래	Lease Transaction with a Related Party
특수관계인과의리스계약	Lease Agreement with a Related Party
특수관계인에게영업양도	Transfer of Business to a Related Party
특수관계인에대한기술이전	Technology Transfer to a Related Party
특수관계인에대한기타유가증권매도	Sale of Other Securities to a Related Party
특수관계인에대한부동산매도	Sale of Real Estate to a Related Party
특수관계인에대한사모사채발행의결	Resolution to Issue Privately Placed Bonds to a Related Party
특수관계인에대한신주인수권부사채발행의결	Resolution to Issue Bonds with Warrants to a Related Party
특수관계인에대한영업양도	Transfer of Business to a Related Party
특수관계인에대한채무면제	Debt Forgiveness for a Related Party
특수관계인에대한채무인계	Transfer of Debt to a Related Party
특수관계인으로부터CP매수	Purchase of Commercial Paper from a Related Party
특수관계인으로부터기술이전	Technology Transfer from a Related Party
특수관계인으로부터받은담보	Collateral Received from a Related Party
특수관계인으로부터받은채무보증	Debt Guarantee Received from a Related Party
특수관계인으로부터수증	Gift Received from a Related Party
특수관계인으로부터영업양수	Acquisition of Business from a Related Party
특수관계인으로부터자금차입	Borrowing of Funds from a Related Party
특수관계인으로부터자산양수	Acquisition of Assets from a Related Party
특수관계인으로부터채권매수	Purchase of Bonds from a Related Party
특수관계인으로부터채무인수	Assumption of Debt from a Related Party
특수관계인을위한기술제휴계약체결	Execution of a Technology Alliance Agreement for a Related Party
특수관계인이참여한유상증자	Capital Increase with Consideration Involving a Related Party
특허권양수결정	Decision to Acquire Patent Rights
특허권취득	Acquisition of Patent Rights
특허취득	Patent Acquisition
파산선고	Declaration of Bankruptcy
파산신청	Bankruptcy Application
파생상품거래손실발생	Occurrence of Losses from Derivatives Transactions
판매대행계약	Sales Agency Agreement
풍문또는보도에대한해명(미확정)(HLB의 코스피 이전상장 검토 관련 보도)	Clarification of Rumor or Media Report (Unconfirmed; Report on HLB Considering Transfer to the KOSPI Market)
피보증(담보)법인부도ㆍ해산사유등발생	Occurrence of Default, Grounds for Dissolution, or Similar Event at a Guaranteed or Collateral-Secured Company
피보증(담보)법인부도등발생	Occurrence of Default or Similar Event at a Guaranteed or Collateral-Secured Company
피보증(담보)법인회생절차및파산관련결정	Decision Concerning Rehabilitation or Bankruptcy Proceedings of a Guaranteed or Collateral-Secured Company
피보증(담보)법인회생절차및파산관련신청	Application Concerning Rehabilitation or Bankruptcy Proceedings of a Guaranteed or Collateral-Secured Company
피흡수합병결의	Resolution to Be Absorbed in a Merger
합병등종료보고서(영업양수도)	Completion Report on Merger or Similar Transaction (Business Transfer or Acquisition)
합병등종료보고서(자산양수도)	Completion Report on Merger or Similar Transaction (Asset Transfer or Acquisition)
합병신고서	Merger Registration Statement
합병종료보고서	Merger Completion Report
해산사유발생	Occurrence of Grounds for Dissolution
해외교환사채발행결정	Decision to Issue Overseas Exchangeable Bonds
해외교환사채발행계약체결	Execution of an Overseas Exchangeable Bond Issuance Agreement
해외교환사채발행완료	Completion of Overseas Exchangeable Bond Issuance
해외상장주권상장폐지결정	Decision to Delist Overseas-Listed Shares
해외신주인수권부사채발행결정	Decision to Issue Overseas Bonds with Warrants
해외신주인수권부사채발행완료	Completion of Overseas Bond with Warrants Issuance
해외전환사채발행결정	Decision to Issue Overseas Convertible Bonds
해외전환사채발행계약체결	Execution of an Overseas Convertible Bond Issuance Agreement
해외전환사채발행완료	Completion of Overseas Convertible Bond Issuance
해외주식예탁증서발행계약체결	Execution of an Overseas Depositary Receipt Issuance Agreement
해외증권(DR또는주권)상장	Listing of Overseas Securities (Depositary Receipts or Shares)
해외증권거래소주권상장	Listing of Shares on an Overseas Securities Exchange
해외증권거래소주권상장폐지	Delisting of Shares from an Overseas Securities Exchange
해외증권시장주권등상장	Listing of Shares or Similar Securities on an Overseas Securities Market
해외증권시장주권등상장결정	Decision to List Shares or Similar Securities on an Overseas Securities Market
해외증권시장주권등상장폐지	Delisting of Shares or Similar Securities from an Overseas Securities Market
해외증권시장주권등상장폐지결정	Decision to Delist Shares or Similar Securities from an Overseas Securities Market
해외합작투자	Overseas Joint Venture Investment
해외현지법인설립투자	Investment to Establish an Overseas Subsidiary
현금ㆍ현물배당결정 (2026년 1분기)	Cash or In-Kind Dividend Decision (First Quarter of 2026)
현금ㆍ현물배당결정 (2026년 2분기)	Cash or In-Kind Dividend Decision (Second Quarter of 2026)
현금ㆍ현물배당결정(26기 결산배당)	Cash or In-Kind Dividend Decision (Year-End Dividend for the 26th Fiscal Period)
현금ㆍ현물배당결정(HD현대오일뱅크(주))	Cash or In-Kind Dividend Decision (HD Hyundai Oilbank Co., Ltd.)
현금ㆍ현물배당결정(SK에너지의 현금배당 결정)	Cash or In-Kind Dividend Decision (SK Energy Cash Dividend Decision)
현금ㆍ현물배당결정(SK텔레콤)	Cash or In-Kind Dividend Decision (SK Telecom)
현금ㆍ현물배당결정(결산배당)	Cash or In-Kind Dividend Decision (Year-End Dividend)
현금ㆍ현물배당결정(신한금융지주회사)	Cash or In-Kind Dividend Decision (Shinhan Financial Group)
현금ㆍ현물배당결정(신한은행)	Cash or In-Kind Dividend Decision (Shinhan Bank)
현금ㆍ현물배당결정(신한카드)	Cash or In-Kind Dividend Decision (Shinhan Card)
현금ㆍ현물배당결정(자회사인 SK 종합화학의 현금배당 결정)	Cash or In-Kind Dividend Decision (Cash Dividend Decision by Subsidiary SK Global Chemical)
현금ㆍ현물배당결정(자회사인 SK종합화학의 현금배당 결정)	Cash or In-Kind Dividend Decision (Cash Dividend Decision by Subsidiary SK Global Chemical)
현금ㆍ현물배당결정(자회사인 신한카드의 주요경영사항신고)	Cash or In-Kind Dividend Decision (Material Management Matter Report by Subsidiary Shinhan Card)
현금ㆍ현물배당결정(자회사인 하나은행의 주요경영사항 신고)	Cash or In-Kind Dividend Decision (Material Management Matter Report by Subsidiary Hana Bank)
현금ㆍ현물배당결정(제26기 현금배당)	Cash or In-Kind Dividend Decision (Cash Dividend for the 26th Fiscal Period)
현금ㆍ현물배당결정(제28기 결산 배당)	Cash or In-Kind Dividend Decision (Year-End Dividend for the 28th Fiscal Period)
현금ㆍ현물배당결정(현금ㆍ현물배당결정 (27기 결산배당) )	Cash or In-Kind Dividend Decision (Year-End Dividend for the 27th Fiscal Period)
현금ㆍ현물배당결정(현금배당결정)	Cash or In-Kind Dividend Decision (Cash Dividend Decision)
현금ㆍ현물배당을위한주주명부폐쇄(기준일)결정(HD현대오일뱅크)	Decision on Record Date for Cash or In-Kind Dividend (HD Hyundai Oilbank)
회계정책변경결정	Decision to Change Accounting Policy
회계처리기준위반에따른검찰고발등조치	Measures Including Criminal Referral for Violation of Accounting Standards
회계처리기준위반에따른검찰고발등조치결과	Results of Measures Including Criminal Referral for Violation of Accounting Standards
회계처리기준위반에따른임원의해임권고조치	Recommendation to Dismiss an Executive for Violation of Accounting Standards
회계추정변경결정	Decision to Change an Accounting Estimate
회사분할결정	Decision on Company Spin-Off
회사분할합병결정	Decision on Split-Off Merger
회사정리절차종결결정	Decision to Terminate Corporate Reorganization Proceedings
회사정리절차종결신청	Application to Terminate Corporate Reorganization Proceedings
회사합병결정(소규모합병)	Company Merger Decision (Small-Scale Merger)
횡령ㆍ배임사실확인	Confirmation of Embezzlement or Breach of Trust
횡령ㆍ배임혐의발생	Occurrence of Suspected Embezzlement or Breach of Trust
횡령사고발생	Occurrence of an Embezzlement Incident
효력발생안내( 2018.9.11. 제출 증권신고서(합병) )	Notice of Effectiveness (Merger Registration Statement Filed on September 11, 2018)
효력발생안내( 2026.7.13. 제출 증권신고서(합병) )	Notice of Effectiveness (Merger Registration Statement Filed on July 13, 2026)
흡수합병결의	Resolution on an Absorption-Type Merger
